{
  "gammaValues": {
    "1": 0.96000,
    "2": 0.84000,
    "3": 0.64000,
    "4": 0.36000
  },
  "qualityFunction": {
    "linearFunctions": {
      "-0.1204353281386541907327369926861138083040714263916015625": {
        "slope": 4.5662607261,
        "yIntercept": 0.81993910891549715354792448873677557230621459893882274627685546875
      },
      "0.4795646718613458092672630073138861916959285736083984375": {
        "slope": 0.7666666667,
        "yIntercept": 0.36233375157698272383305350075044515278932522051036357879638671875
      },
      "1.1795646718613458092672630073138861916959285736083984375": {
        "slope": 0.3857142858,
        "yIntercept": 0.54502505509808964455165462781316421114752301946282386779785156250
      }
    },
    "lowestX": -0.1795646718613458092672630073138861916959285736083984375
  },
  "alpha": 1126.8273335417516136658377945423126220703125,
  "beta": 0.1795646718613458092672630073138861916959285736083984375,
  "setupType": "Multi Region Model Global Bidder",
  "population": 0,
  "id": 0,
  "worldId": 39,
  "implementation": "ch.uzh.ifi.ce.mweiss.specval.model.mrm.MRMGlobalBidder"
}