{
  "gammaValues": {
    "1": 0.96000,
    "2": 0.84000,
    "3": 0.64000,
    "4": 0.36000
  },
  "qualityFunction": {
    "linearFunctions": {
      "-0.1491643582561458625246331166636082343757152557373046875": {
        "slope": 161.5524846538,
        "yIntercept": 24.36787269807007021495484389572716565908194752410054206848144531250
      },
      "0.4508356417438541374753668833363917656242847442626953125": {
        "slope": 0.7666666667,
        "yIntercept": 0.38435934133468397321075691819292075024350197054445743560791015625
      },
      "1.1508356417438541374753668833363917656242847442626953125": {
        "slope": 0.3857142858,
        "yIntercept": 0.55610625243158463482431384750093172897322801873087882995605468750
      }
    },
    "lowestX": -0.1508356417438541374753668833363917656242847442626953125
  },
  "alpha": 943.424427121481812719139270484447479248046875,
  "beta": 0.1508356417438541374753668833363917656242847442626953125,
  "setupType": "Multi Region Model Global Bidder",
  "population": 0,
  "id": 0,
  "worldId": 39,
  "implementation": "ch.uzh.ifi.ce.mweiss.specval.model.mrm.MRMGlobalBidder"
}