{
  "gammaValues": {
    "1": 0.96000,
    "2": 0.84000,
    "3": 0.64000,
    "4": 0.36000
  },
  "qualityFunction": {
    "linearFunctions": {
      "-0.12984054179879678247999663653899915516376495361328125": {
        "slope": -6.6966085423,
        "yIntercept": -0.869491281343317258582699544877669950437848456203937530517578125
      },
      "0.42984054179879678247999663653899915516376495361328125": {
        "slope": 1.3043142272,
        "yIntercept": 0.169352865935526923230243312445963965728878974914550781250000000
      },
      "1.12984054179879678247999663653899915516376495361328125": {
        "slope": 0.3857142858,
        "yIntercept": 0.564204362412192051746390144550957757019205018877983093261718750
      }
    },
    "lowestX": -0.17015945820120321752000336346100084483623504638671875
  },
  "alpha": 843.0089056792252222294337116181850433349609375,
  "beta": 0.12984054179879678247999663653899915516376495361328125,
  "setupType": "Multi Region Model Global Bidder",
  "population": 0,
  "id": 0,
  "worldId": 33,
  "implementation": "ch.uzh.ifi.ce.mweiss.specval.model.mrm.MRMGlobalBidder"
}