{
  "gammaValues": {
    "1": 0.96000,
    "2": 0.84000,
    "3": 0.64000,
    "4": 0.36000
  },
  "qualityFunction": {
    "linearFunctions": {
      "-0.110016114990043212262804672718630172312259674072265625": {
        "slope": -3.3763602502,
        "yIntercept": -0.3714540375261857293355451070659967172105098143219947814941406250
      },
      "0.410016114990043212262804672718630172312259674072265625": {
        "slope": 1.4037591479,
        "yIntercept": 0.1544361278336914766302135182396426671402878127992153167724609375
      },
      "1.110016114990043212262804672718630172312259674072265625": {
        "slope": 0.3857142858,
        "yIntercept": 0.5718509270401248082709144937574308187322458252310752868652343750
      }
    },
    "lowestX": -0.189983885009956787737195327281369827687740325927734375
  },
  "alpha": 881.6456867723605910214246250689029693603515625,
  "beta": 0.110016114990043212262804672718630172312259674072265625,
  "setupType": "Multi Region Model Global Bidder",
  "population": 0,
  "id": 0,
  "worldId": 33,
  "implementation": "ch.uzh.ifi.ce.mweiss.specval.model.mrm.MRMGlobalBidder"
}