{
  "gammaValues": {
    "1": 0.96000,
    "2": 0.84000,
    "3": 0.64000,
    "4": 0.36000
  },
  "qualityFunction": {
    "linearFunctions": {
      "-0.112762536169806482089228438780992291867733001708984375": {
        "slope": 3.6253811650,
        "yIntercept": 0.6788071747523523381388013686610349850525381043553352355957031250
      },
      "0.487237463830193517910771561219007708132266998291015625": {
        "slope": 0.7666666667,
        "yIntercept": 0.3564512777339437208074020191350683717246283777058124542236328125
      },
      "1.187237463830193517910771561219007708132266998291015625": {
        "slope": 0.3857142858,
        "yIntercept": 0.5420655496237335747632572391374594644730677828192710876464843750
      }
    },
    "lowestX": -0.187237463830193517910771561219007708132266998291015625
  },
  "alpha": 1346.9740554149439049069769680500030517578125,
  "beta": 0.187237463830193517910771561219007708132266998291015625,
  "setupType": "Multi Region Model Global Bidder",
  "population": 0,
  "id": 0,
  "worldId": 67,
  "implementation": "ch.uzh.ifi.ce.mweiss.specval.model.mrm.MRMGlobalBidder"
}