{
  "gammaValues": {
    "1": 0.96000,
    "2": 0.84000,
    "3": 0.64000,
    "4": 0.36000
  },
  "qualityFunction": {
    "linearFunctions": {
      "-0.12275131558941664022821527169071487151086330413818359375": {
        "slope": -4.9543676298,
        "yIntercept": -0.608155144468430090187857773309509923365112626925110816955566406250
      },
      "0.42275131558941664022821527169071487151086330413818359375": {
        "slope": 1.3382153601,
        "yIntercept": 0.164267695994239932951933245985909337605335167609155178070068359375
      },
      "1.12275131558941664022821527169071487151086330413818359375": {
        "slope": 0.3857142858,
        "yIntercept": 0.566938778236417754575738397471162954843748593702912330627441406250
      }
    },
    "lowestX": -0.17724868441058335977178472830928512848913669586181640625
  },
  "alpha": 828.0069516048819195930263958871364593505859375,
  "beta": 0.12275131558941664022821527169071487151086330413818359375,
  "setupType": "Multi Region Model Global Bidder",
  "population": 0,
  "id": 1,
  "worldId": 67,
  "implementation": "ch.uzh.ifi.ce.mweiss.specval.model.mrm.MRMGlobalBidder"
}