{
  "gammaValues": {
    "1": 0.96000,
    "2": 0.84000,
    "3": 0.64000,
    "4": 0.36000
  },
  "qualityFunction": {
    "linearFunctions": {
      "-0.105373526869606337630358439128031022846698760986328125": {
        "slope": 3.0251102212,
        "yIntercept": 0.5887665331828610284141044983741153373557608574628829956054687500
      },
      "0.494626473130393662369641560871968977153301239013671875": {
        "slope": 0.7666666667,
        "yIntercept": 0.3507863706035439764122616812525023988200700841844081878662109375
      },
      "1.194626473130393662369641560871968977153301239013671875": {
        "slope": 0.3857142858,
        "yIntercept": 0.5392155031787373182462473697462712607375578954815864562988281250
      }
    },
    "lowestX": -0.194626473130393662369641560871968977153301239013671875
  },
  "alpha": 1093.03429873934919669409282505512237548828125,
  "beta": 0.194626473130393662369641560871968977153301239013671875,
  "setupType": "Multi Region Model Global Bidder",
  "population": 0,
  "id": 0,
  "worldId": 31,
  "implementation": "ch.uzh.ifi.ce.mweiss.specval.model.mrm.MRMGlobalBidder"
}