{
  "gammaValues": {
    "1": 0.96000,
    "2": 0.84000,
    "3": 0.64000,
    "4": 0.36000
  },
  "qualityFunction": {
    "linearFunctions": {
      "-0.1295367298058267835347834306958247907459735870361328125": {
        "slope": -6.5971860176,
        "yIntercept": -0.85457790263937038065674484776934605179121717810630798339843750000
      },
      "0.4295367298058267835347834306958247907459735870361328125": {
        "slope": 1.3057318094,
        "yIntercept": 0.16914022859312111672785489679959880504611646756529808044433593750
      },
      "1.1295367298058267835347834306958247907459735870361328125": {
        "slope": 0.3857142858,
        "yIntercept": 0.56432154703807794951036980957148614379548234865069389343261718750
      }
    },
    "lowestX": -0.1704632701941732164652165693041752092540264129638671875
  },
  "alpha": 1279.96958727256014753947965800762176513671875,
  "beta": 0.1295367298058267835347834306958247907459735870361328125,
  "setupType": "Multi Region Model Global Bidder",
  "population": 0,
  "id": 0,
  "worldId": 31,
  "implementation": "ch.uzh.ifi.ce.mweiss.specval.model.mrm.MRMGlobalBidder"
}