{
  "gammaValues": {
    "1": 0.96000,
    "2": 0.84000,
    "3": 0.64000,
    "4": 0.36000
  },
  "qualityFunction": {
    "linearFunctions": {
      "-0.12891117792433581801248010378913022577762603759765625": {
        "slope": -6.4014955181,
        "yIntercept": -0.825224327714372600073811365728460032187285833060741424560546875
      },
      "0.42891117792433581801248010378913022577762603759765625": {
        "slope": 1.3086603510,
        "yIntercept": 0.168700947350284763042084335005199591250857338309288024902343750
      },
      "1.12891117792433581801248010378913022577762603759765625": {
        "slope": 0.3857142858,
        "yIntercept": 0.564562831335278083515957461280265761160990223288536071777343750
      }
    },
    "lowestX": -0.17108882207566418198751989621086977422237396240234375
  },
  "alpha": 853.8000222839649495654157362878322601318359375,
  "beta": 0.12891117792433581801248010378913022577762603759765625,
  "setupType": "Multi Region Model Global Bidder",
  "population": 0,
  "id": 0,
  "worldId": 77,
  "implementation": "ch.uzh.ifi.ce.mweiss.specval.model.mrm.MRMGlobalBidder"
}