{
  "gammaValues": {
    "1": 0.96000,
    "2": 0.84000,
    "3": 0.64000,
    "4": 0.36000
  },
  "qualityFunction": {
    "linearFunctions": {
      "-0.1219075925555322126303536833802354522049427032470703125": {
        "slope": -4.8055689163,
        "yIntercept": -0.58583533744416911738021007727272859710865304805338382720947265625
      },
      "0.4219075925555322126303536833802354522049427032470703125": {
        "slope": 1.3423678117,
        "yIntercept": 0.16364482824838498699746697495616132300710887648165225982666015625
      },
      "1.1219075925555322126303536833802354522049427032470703125": {
        "slope": 0.3857142858,
        "yIntercept": 0.56726421426384549576638938961359315271693048998713493347167968750
      }
    },
    "lowestX": -0.1780924074444677873696463166197645477950572967529296875
  },
  "alpha": 1013.1625925214551671160734258592128753662109375,
  "beta": 0.1219075925555322126303536833802354522049427032470703125,
  "setupType": "Multi Region Model Global Bidder",
  "population": 0,
  "id": 1,
  "worldId": 77,
  "implementation": "ch.uzh.ifi.ce.mweiss.specval.model.mrm.MRMGlobalBidder"
}