{
  "gammaValues": {
    "1": 0.96000,
    "2": 0.84000,
    "3": 0.64000,
    "4": 0.36000
  },
  "qualityFunction": {
    "linearFunctions": {
      "-0.1138510755403388918782781047411845065653324127197265625": {
        "slope": 3.7345509450,
        "yIntercept": 0.69518264175156100571572367896600042058707913383841514587402343750
      },
      "0.4861489244596611081217218952588154934346675872802734375": {
        "slope": 0.7666666667,
        "yIntercept": 0.35728582458472151962469117669751739185812766663730144500732421875
      },
      "1.1861489244596611081217218952588154934346675872802734375": {
        "slope": 0.3857142858,
        "yIntercept": 0.54248541480960366477079345970402357579587260261178016662597656250
      }
    },
    "lowestX": -0.1861489244596611081217218952588154934346675872802734375
  },
  "alpha": 876.0361980897263265433139167726039886474609375,
  "beta": 0.1861489244596611081217218952588154934346675872802734375,
  "setupType": "Multi Region Model Global Bidder",
  "population": 0,
  "id": 0,
  "worldId": 35,
  "implementation": "ch.uzh.ifi.ce.mweiss.specval.model.mrm.MRMGlobalBidder"
}