{
  "gammaValues": {
    "1": 0.96000,
    "2": 0.84000,
    "3": 0.64000,
    "4": 0.36000
  },
  "qualityFunction": {
    "linearFunctions": {
      "-0.11105584151799673120475375753812841139733791351318359375": {
        "slope": -3.4665019161,
        "yIntercept": -0.384975287413766398645184438065403043083279044367372989654541015625
      },
      "0.41105584151799673120475375753812841139733791351318359375": {
        "slope": 1.3981682919,
        "yIntercept": 0.155274756240734592778333990337191750086276442743837833404541015625
      },
      "1.11105584151799673120475375753812841139733791351318359375": {
        "slope": 0.3857142858,
        "yIntercept": 0.571449889664967902976623830846314433529187226668000221252441406250
      }
    },
    "lowestX": -0.18894415848200326879524624246187158860266208648681640625
  },
  "alpha": 1126.1135937419503534329123795032501220703125,
  "beta": 0.11105584151799673120475375753812841139733791351318359375,
  "setupType": "Multi Region Model Global Bidder",
  "population": 0,
  "id": 0,
  "worldId": 35,
  "implementation": "ch.uzh.ifi.ce.mweiss.specval.model.mrm.MRMGlobalBidder"
}