{
  "gammaValues": {
    "1": 0.96000,
    "2": 0.84000,
    "3": 0.64000,
    "4": 0.36000
  },
  "qualityFunction": {
    "linearFunctions": {
      "-0.12507439557796196094585639002616517245769500732421875": {
        "slope": -5.4161174073,
        "yIntercept": -0.677417611092674079063904433173348706986871547996997833251953125
      },
      "0.42507439557796196094585639002616517245769500732421875": {
        "slope": 1.3269137582,
        "yIntercept": 0.165962936290946966695307929207103825319791212677955627441406250
      },
      "1.12507439557796196094585639002616517245769500732421875": {
        "slope": 0.3857142858,
        "yIntercept": 0.566042733097779724014201510051691457192646339535713195800781250
      }
    },
    "lowestX": -0.17492560442203803905414360997383482754230499267578125
  },
  "alpha": 1206.29227156266779275028966367244720458984375,
  "beta": 0.12507439557796196094585639002616517245769500732421875,
  "setupType": "Multi Region Model Global Bidder",
  "population": 0,
  "id": 0,
  "worldId": 53,
  "implementation": "ch.uzh.ifi.ce.mweiss.specval.model.mrm.MRMGlobalBidder"
}