{
  "gammaValues": {
    "1": 0.96000,
    "2": 0.84000,
    "3": 0.64000,
    "4": 0.36000
  },
  "qualityFunction": {
    "linearFunctions": {
      "-0.107843508918559327636188527321792207658290863037109375": {
        "slope": 3.2023538141,
        "yIntercept": 0.6153530721187241708671201323443966657578130252659320831298828125
      },
      "0.492156491081440672363811472678207792341709136962890625": {
        "slope": 0.7666666667,
        "yIntercept": 0.3526800235078236014850298485345803101154160685837268829345703125
      },
      "1.192156491081440672363811472678207792341709136962890625": {
        "slope": 0.3857142858,
        "yIntercept": 0.5401682105406880414241206600500788681529229506850242614746093750
      }
    },
    "lowestX": -0.192156491081440672363811472678207792341709136962890625
  },
  "alpha": 983.77590417322471694205887615680694580078125,
  "beta": 0.192156491081440672363811472678207792341709136962890625,
  "setupType": "Multi Region Model Global Bidder",
  "population": 0,
  "id": 1,
  "worldId": 53,
  "implementation": "ch.uzh.ifi.ce.mweiss.specval.model.mrm.MRMGlobalBidder"
}