{
  "gammaValues": {
    "1": 0.96000,
    "2": 0.84000,
    "3": 0.64000,
    "4": 0.36000
  },
  "qualityFunction": {
    "linearFunctions": {
      "-0.131592739681454029554430462667369283735752105712890625": {
        "slope": 7.3340626288,
        "yIntercept": 1.2351093943208411853996808282829533709445968270301818847656250000
      },
      "0.468407260318545970445569537332630716264247894287109375": {
        "slope": 0.7666666667,
        "yIntercept": 0.3708877670935011806477784890301307996196555905044078826904296875
      },
      "1.168407260318545970445569537332630716264247894287109375": {
        "slope": 0.3857142858,
        "yIntercept": 0.5493286281226973605151192381335079062409931793808937072753906250
      }
    },
    "lowestX": -0.168407260318545970445569537332630716264247894287109375
  },
  "alpha": 1133.870719675145892324508167803287506103515625,
  "beta": 0.168407260318545970445569537332630716264247894287109375,
  "setupType": "Multi Region Model Global Bidder",
  "population": 0,
  "id": 0,
  "worldId": 5,
  "implementation": "ch.uzh.ifi.ce.mweiss.specval.model.mrm.MRMGlobalBidder"
}