{
  "gammaValues": {
    "1": 0.96000,
    "2": 0.84000,
    "3": 0.64000,
    "4": 0.36000
  },
  "qualityFunction": {
    "linearFunctions": {
      "-0.119995437816554473275942882537492550909519195556640625": {
        "slope": -4.4993157765,
        "yIntercept": -0.5398973664739517455179025506861734129415708594024181365966796875
      },
      "0.419995437816554473275942882537492550909519195556640625": {
        "slope": 1.3518746945,
        "yIntercept": 0.1622187958396483256025236985298221270568319596350193023681640625
      },
      "1.119995437816554473275942882537492550909519195556640625": {
        "slope": 0.3857142858,
        "yIntercept": 0.5680017596633293799235745047404577690031146630644798278808593750
      }
    },
    "lowestX": -0.180004562183445526724057117462507449090480804443359375
  },
  "alpha": 1297.33401189413780230097472667694091796875,
  "beta": 0.119995437816554473275942882537492550909519195556640625,
  "setupType": "Multi Region Model Global Bidder",
  "population": 0,
  "id": 0,
  "worldId": 5,
  "implementation": "ch.uzh.ifi.ce.mweiss.specval.model.mrm.MRMGlobalBidder"
}