{
  "gammaValues": {
    "1": 0.96000,
    "2": 0.84000,
    "3": 0.64000,
    "4": 0.36000
  },
  "qualityFunction": {
    "linearFunctions": {
      "-0.1245725102585512444886006733213434927165508270263671875": {
        "slope": 5.3092146088,
        "yIntercept": 0.93138219132041186763770082013280671162647195160388946533203125000
      },
      "0.4754274897414487555113993266786565072834491729736328125": {
        "slope": 0.7666666667,
        "yIntercept": 0.36550559120237503778321222436265003352673375047743320465087890625
      },
      "1.1754274897414487555113993266786565072834491729736328125": {
        "slope": 0.3857142858,
        "yIntercept": 0.54662082534469026661062179495154111918964190408587455749511718750
      }
    },
    "lowestX": -0.1754274897414487555113993266786565072834491729736328125
  },
  "alpha": 1020.142684281223182551912032067775726318359375,
  "beta": 0.1754274897414487555113993266786565072834491729736328125,
  "setupType": "Multi Region Model Global Bidder",
  "population": 0,
  "id": 1,
  "worldId": 63,
  "implementation": "ch.uzh.ifi.ce.mweiss.specval.model.mrm.MRMGlobalBidder"
}