{
  "gammaValues": {
    "1": 0.96000,
    "2": 0.84000,
    "3": 0.64000,
    "4": 0.36000
  },
  "qualityFunction": {
    "linearFunctions": {
      "-0.120824365349885776144134297283017076551914215087890625": {
        "slope": -4.6271487019,
        "yIntercept": -0.5590723052833846916013949990276188373172772116959095001220703125
      },
      "0.420824365349885776144134297283017076551914215087890625": {
        "slope": 1.3477369348,
        "yIntercept": 0.1628394598058103854706145208197654028481338173151016235351562500
      },
      "1.120824365349885776144134297283017076551914215087890625": {
        "slope": 0.3857142858,
        "yIntercept": 0.5676820304718305407429865616641961878485744819045066833496093750
      }
    },
    "lowestX": -0.179175634650114223855865702716982923448085784912109375
  },
  "alpha": 1177.9389945033190087997354567050933837890625,
  "beta": 0.120824365349885776144134297283017076551914215087890625,
  "setupType": "Multi Region Model Global Bidder",
  "population": 0,
  "id": 0,
  "worldId": 63,
  "implementation": "ch.uzh.ifi.ce.mweiss.specval.model.mrm.MRMGlobalBidder"
}