{
  "gammaValues": {
    "1": 0.96000,
    "2": 0.84000,
    "3": 0.64000,
    "4": 0.36000
  },
  "qualityFunction": {
    "linearFunctions": {
      "-0.1430874006368859918669755870723747648298740386962890625": {
        "slope": -19.5295565254,
        "yIntercept": -2.79443347880937906159845559472820752944244304671883583068847656250
      },
      "0.4430874006368859918669755870723747648298740386962890625": {
        "slope": 1.2453623022,
        "yIntercept": 0.17819565467296608507038719326764919514971552416682243347167968750
      },
      "1.1430874006368859918669755870723747648298740386962890625": {
        "slope": 0.3857142858,
        "yIntercept": 0.55909485971636505451100490282634325467370217666029930114746093750
      }
    },
    "lowestX": -0.1569125993631140081330244129276252351701259613037109375
  },
  "alpha": 1281.667268040284398011863231658935546875,
  "beta": 0.1430874006368859918669755870723747648298740386962890625,
  "setupType": "Multi Region Model Global Bidder",
  "population": 0,
  "id": 0,
  "worldId": 63,
  "implementation": "ch.uzh.ifi.ce.mweiss.specval.model.mrm.MRMGlobalBidder"
}