{
  "gammaValues": {
    "1": 0.96000,
    "2": 0.84000,
    "3": 0.64000,
    "4": 0.36000
  },
  "qualityFunction": {
    "linearFunctions": {
      "-0.126166432024997055005854917908436618745326995849609375": {
        "slope": -5.6642798989,
        "yIntercept": -0.7146419848348759589986383666815328297161613591015338897705078125
      },
      "0.426166432024997055005854917908436618745326995849609375": {
        "slope": 1.3216667838,
        "yIntercept": 0.1667499824379991788940599595214564487832831218838691711425781250
      },
      "1.126166432024997055005854917908436618745326995849609375": {
        "slope": 0.3857142858,
        "yIntercept": 0.5656215190395440131813133555205297398060793057084083557128906250
      }
    },
    "lowestX": -0.173833567975002944994145082091563381254673004150390625
  },
  "alpha": 988.52261509580466736224479973316192626953125,
  "beta": 0.126166432024997055005854917908436618745326995849609375,
  "setupType": "Multi Region Model Global Bidder",
  "population": 0,
  "id": 0,
  "worldId": 27,
  "implementation": "ch.uzh.ifi.ce.mweiss.specval.model.mrm.MRMGlobalBidder"
}