{
  "gammaValues": {
    "1": 0.96000,
    "2": 0.84000,
    "3": 0.64000,
    "4": 0.36000
  },
  "qualityFunction": {
    "linearFunctions": {
      "-0.143996964859405396364167017964064143598079681396484375": {
        "slope": 22.4886239775,
        "yIntercept": 3.5082935966255508869319022779986738669322221539914608001708984375
      },
      "0.456003035140594603635832982035935856401920318603515625": {
        "slope": 0.7666666667,
        "yIntercept": 0.3803976730636773693745082269845880773573298938572406768798828125
      },
      "1.156003035140594603635832982035935856401920318603515625": {
        "slope": 0.3857142858,
        "yIntercept": 0.5541131149781132498712705980459247712133219465613365173339843750
      }
    },
    "lowestX": -0.156003035140594603635832982035935856401920318603515625
  },
  "alpha": 1342.571312904865408199839293956756591796875,
  "beta": 0.156003035140594603635832982035935856401920318603515625,
  "setupType": "Multi Region Model Global Bidder",
  "population": 0,
  "id": 0,
  "worldId": 27,
  "implementation": "ch.uzh.ifi.ce.mweiss.specval.model.mrm.MRMGlobalBidder"
}