{
  "gammaValues": {
    "1": 0.96000,
    "2": 0.84000,
    "3": 0.64000,
    "4": 0.36000
  },
  "qualityFunction": {
    "linearFunctions": {
      "-0.1180454018448812980590645338452304713428020477294921875": {
        "slope": -4.2247440992,
        "yIntercept": -0.49871161487814494230053069756536388013046234846115112304687500000
      },
      "0.4180454018448812980590645338452304713428020477294921875": {
        "slope": 1.3617096115,
        "yIntercept": 0.16074355828555469564362447043581738626016885973513126373291015625
      },
      "1.1180454018448812980590645338452304713428020477294921875": {
        "slope": 0.3857142858,
        "yIntercept": 0.56875391639542760773337099711177700100961374118924140930175781250
      }
    },
    "lowestX": -0.1819545981551187019409354661547695286571979522705078125
  },
  "alpha": 1047.923131866014273327891714870929718017578125,
  "beta": 0.1180454018448812980590645338452304713428020477294921875,
  "setupType": "Multi Region Model Global Bidder",
  "population": 0,
  "id": 0,
  "worldId": 49,
  "implementation": "ch.uzh.ifi.ce.mweiss.specval.model.mrm.MRMGlobalBidder"
}