{
  "gammaValues": {
    "1": 0.96000,
    "2": 0.84000,
    "3": 0.64000,
    "4": 0.36000
  },
  "qualityFunction": {
    "linearFunctions": {
      "-0.101651247765846119985866380375227890908718109130859375": {
        "slope": 2.7922126997,
        "yIntercept": 0.5538319049578532118594939082090178317230311222374439239501953125
      },
      "0.498348752234153880014133619624772109091281890869140625": {
        "slope": 0.7666666667,
        "yIntercept": 0.3479326232905370669146924289538702623758581466972827911376953125
      },
      "1.198348752234153880014133619624772109091281890869140625": {
        "slope": 0.3857142858,
        "yIntercept": 0.5377797669526821818030495570006621619540965184569358825683593750
      }
    },
    "lowestX": -0.198348752234153880014133619624772109091281890869140625
  },
  "alpha": 1224.0129014915810330421663820743560791015625,
  "beta": 0.198348752234153880014133619624772109091281890869140625,
  "setupType": "Multi Region Model Global Bidder",
  "population": 0,
  "id": 0,
  "worldId": 49,
  "implementation": "ch.uzh.ifi.ce.mweiss.specval.model.mrm.MRMGlobalBidder"
}