{
  "gammaValues": {
    "1": 0.96000,
    "2": 0.84000,
    "3": 0.64000,
    "4": 0.36000
  },
  "qualityFunction": {
    "linearFunctions": {
      "-0.1318582863826442963528506879811175167560577392578125": {
        "slope": -7.4414139065,
        "yIntercept": -0.98121208597493115287698965953921970140072517096996307373046875
      },
      "0.4318582863826442963528506879811175167560577392578125": {
        "slope": 1.2949770067,
        "yIntercept": 0.17075344900838808172184231093382322796969674527645111083984375
      },
      "1.1318582863826442963528506879811175167560577392578125": {
        "slope": 0.3857142858,
        "yIntercept": 0.56342608950110648971681665209132461313856765627861022949218750
      }
    },
    "lowestX": -0.1681417136173557036471493120188824832439422607421875
  },
  "alpha": 1062.3975288476058267406187951564788818359375,
  "beta": 0.1318582863826442963528506879811175167560577392578125,
  "setupType": "Multi Region Model Global Bidder",
  "population": 0,
  "id": 1,
  "worldId": 49,
  "implementation": "ch.uzh.ifi.ce.mweiss.specval.model.mrm.MRMGlobalBidder"
}