{
  "gammaValues": {
    "1": 0.96000,
    "2": 0.84000,
    "3": 0.64000,
    "4": 0.36000
  },
  "qualityFunction": {
    "linearFunctions": {
      "-0.10009158573831451466418229756527580320835113525390625": {
        "slope": 2.7049547055,
        "yIntercept": 0.540743205826189461920171341891006022706278599798679351806640625
      },
      "0.49990841426168548533581770243472419679164886474609375": {
        "slope": 0.7666666667,
        "yIntercept": 0.346736882402710847433816911955517525711911730468273162841796875
      },
      "1.19990841426168548533581770243472419679164886474609375": {
        "slope": 0.3857142858,
        "yIntercept": 0.537178183027643448719468701746393435314530506730079650878906250
      }
    },
    "lowestX": -0.19990841426168548533581770243472419679164886474609375
  },
  "alpha": 815.3682289624479153644642792642116546630859375,
  "beta": 0.19990841426168548533581770243472419679164886474609375,
  "setupType": "Multi Region Model Global Bidder",
  "population": 0,
  "id": 0,
  "worldId": 21,
  "implementation": "ch.uzh.ifi.ce.mweiss.specval.model.mrm.MRMGlobalBidder"
}