{
  "gammaValues": {
    "1": 0.96000,
    "2": 0.84000,
    "3": 0.64000,
    "4": 0.36000
  },
  "qualityFunction": {
    "linearFunctions": {
      "-0.136072255452955204191312077455222606658935546875": {
        "slope": -9.6928831185,
        "yIntercept": -1.3189324677738309303573107200691083562560379505157470703125
      },
      "0.436072255452955204191312077455222606658935546875": {
        "slope": 1.2759014307,
        "yIntercept": 0.1736147854110014215707057161353077390231192111968994140625
      },
      "1.136072255452955204191312077455222606658935546875": {
        "slope": 0.3857142858,
        "yIntercept": 0.5618007014307682279159548954794445307925343513488769531250
      }
    },
    "lowestX": -0.163927744547044795808687922544777393341064453125
  },
  "alpha": 839.30472623382547681103460490703582763671875,
  "beta": 0.136072255452955204191312077455222606658935546875,
  "setupType": "Multi Region Model Global Bidder",
  "population": 0,
  "id": 0,
  "worldId": 21,
  "implementation": "ch.uzh.ifi.ce.mweiss.specval.model.mrm.MRMGlobalBidder"
}