{
  "gammaValues": {
    "1": 0.96000,
    "2": 0.84000,
    "3": 0.64000,
    "4": 0.36000
  },
  "qualityFunction": {
    "linearFunctions": {
      "-0.137117307196810600533609658668865449726581573486328125": {
        "slope": 10.4791755934,
        "yIntercept": 1.7068763390104521845658006484747204467566916719079017639160156250
      },
      "0.462882692803189399466390341331134550273418426513671875": {
        "slope": 0.7666666667,
        "yIntercept": 0.3751232688554587039823277583305838334126747213304042816162109375
      },
      "1.162882692803189399466390341331134550273418426513671875": {
        "slope": 0.3857142858,
        "yIntercept": 0.5514595327362370008226903483894432156375842168927192687988281250
      }
    },
    "lowestX": -0.162882692803189399466390341331134550273418426513671875
  },
  "alpha": 924.472359638092484601656906306743621826171875,
  "beta": 0.162882692803189399466390341331134550273418426513671875,
  "setupType": "Multi Region Model Global Bidder",
  "population": 0,
  "id": 0,
  "worldId": 21,
  "implementation": "ch.uzh.ifi.ce.mweiss.specval.model.mrm.MRMGlobalBidder"
}