{
  "gammaValues": {
    "1": 0.96000,
    "2": 0.84000,
    "3": 0.64000,
    "4": 0.36000
  },
  "qualityFunction": {
    "linearFunctions": {
      "-0.1475556916923988215462060225036111660301685333251953125": {
        "slope": -55.2303486349,
        "yIntercept": -8.14955229523499547570913149774352035592528409324586391448974609375
      },
      "0.4475556916923988215462060225036111660301685333251953125": {
        "slope": 1.2266611267,
        "yIntercept": 0.18100083102239576826362131567460522774126729927957057952880859375
      },
      "1.1475556916923988215462060225036111660301685333251953125": {
        "slope": 0.3857142858,
        "yIntercept": 0.55737137602314139525854349233036089117376832291483879089355468750
      }
    },
    "lowestX": -0.1524443083076011784537939774963888339698314666748046875
  },
  "alpha": 826.105369383411698436248116195201873779296875,
  "beta": 0.1475556916923988215462060225036111660301685333251953125,
  "setupType": "Multi Region Model Global Bidder",
  "population": 0,
  "id": 0,
  "worldId": 7,
  "implementation": "ch.uzh.ifi.ce.mweiss.specval.model.mrm.MRMGlobalBidder"
}