{
  "gammaValues": {
    "1": 0.96000,
    "2": 0.84000,
    "3": 0.64000,
    "4": 0.36000
  },
  "qualityFunction": {
    "linearFunctions": {
      "-0.132909309590064872441672605418716557323932647705078125": {
        "slope": 7.8990372397,
        "yIntercept": 1.3198555859552612314443978236422339023192762397229671478271484375
      },
      "0.467090690409935127558327394581283442676067352294921875": {
        "slope": 0.7666666667,
        "yIntercept": 0.3718971373568133791916178265690717807956389151513576507568359375
      },
      "1.167090690409935127558327394581283442676067352294921875": {
        "slope": 0.3857142858,
        "yIntercept": 0.5498364479447029630495078511565054668608354404568672180175781250
      }
    },
    "lowestX": -0.167090690409935127558327394581283442676067352294921875
  },
  "alpha": 874.4386263816498967571533285081386566162109375,
  "beta": 0.167090690409935127558327394581283442676067352294921875,
  "setupType": "Multi Region Model Global Bidder",
  "population": 0,
  "id": 0,
  "worldId": 7,
  "implementation": "ch.uzh.ifi.ce.mweiss.specval.model.mrm.MRMGlobalBidder"
}