{
  "gammaValues": {
    "1": 0.96000,
    "2": 0.84000,
    "3": 0.64000,
    "4": 0.36000
  },
  "qualityFunction": {
    "linearFunctions": {
      "-0.1228748117488495494864508827959070913493633270263671875": {
        "slope": 4.9769239849,
        "yIntercept": 0.88153859773707836217932312383727122551135835237801074981689453125
      },
      "0.4771251882511504505135491172040929086506366729736328125": {
        "slope": 0.7666666667,
        "yIntercept": 0.36420402234488048166457399512641046612770878709852695465087890625
      },
      "1.1771251882511504505135491172040929086506366729736328125": {
        "slope": 0.3857142858,
        "yIntercept": 0.54596599877651695295181815903440281090297503396868705749511718750
      }
    },
    "lowestX": -0.1771251882511504505135491172040929086506366729736328125
  },
  "alpha": 1385.658465320824689115397632122039794921875,
  "beta": 0.1771251882511504505135491172040929086506366729736328125,
  "setupType": "Multi Region Model Global Bidder",
  "population": 0,
  "id": 0,
  "worldId": 7,
  "implementation": "ch.uzh.ifi.ce.mweiss.specval.model.mrm.MRMGlobalBidder"
}