{
  "gammaValues": {
    "1": 0.96000,
    "2": 0.84000,
    "3": 0.64000,
    "4": 0.36000
  },
  "qualityFunction": {
    "linearFunctions": {
      "-0.1277638233917201382450201663232292048633098602294921875": {
        "slope": 6.0711876137,
        "yIntercept": 1.04567814205523437354998191051169698084777337498962879180908203125
      },
      "0.4722361766082798617549798336767707951366901397705078125": {
        "slope": 0.7666666667,
        "yIntercept": 0.36795226460457756676757279878930972927264519967138767242431640625
      },
      "1.1722361766082798617549798336767707951366901397705078125": {
        "slope": 0.3857142858,
        "yIntercept": 0.54785176041061466675665521885996156470355344936251640319824218750
      }
    },
    "lowestX": -0.1722361766082798617549798336767707951366901397705078125
  },
  "alpha": 1372.7466098817321835667826235294342041015625,
  "beta": 0.1722361766082798617549798336767707951366901397705078125,
  "setupType": "Multi Region Model Global Bidder",
  "population": 0,
  "id": 0,
  "worldId": 45,
  "implementation": "ch.uzh.ifi.ce.mweiss.specval.model.mrm.MRMGlobalBidder"
}