{
  "gammaValues": {
    "1": 0.96000,
    "2": 0.84000,
    "3": 0.64000,
    "4": 0.36000
  },
  "qualityFunction": {
    "linearFunctions": {
      "-0.1225821386592855333219631575047969818115234375": {
        "slope": 4.9237976049,
        "yIntercept": 0.87356964073589019388409866451183916069567203521728515625
      },
      "0.4774178613407144666780368424952030181884765625": {
        "slope": 0.7666666667,
        "yIntercept": 0.36397963964287164683548127186440979130566120147705078125
      },
      "1.1774178613407144666780368424952030181884765625": {
        "slope": 0.3857142858,
        "yIntercept": 0.54585311058480288902355312075087567791342735290527343750
      }
    },
    "lowestX": -0.1774178613407144666780368424952030181884765625
  },
  "alpha": 972.719642717425585942692123353481292724609375,
  "beta": 0.1774178613407144666780368424952030181884765625,
  "setupType": "Multi Region Model Global Bidder",
  "population": 0,
  "id": 1,
  "worldId": 45,
  "implementation": "ch.uzh.ifi.ce.mweiss.specval.model.mrm.MRMGlobalBidder"
}