{
  "gammaValues": {
    "1": 0.96000,
    "2": 0.84000,
    "3": 0.64000,
    "4": 0.36000
  },
  "qualityFunction": {
    "linearFunctions": {
      "-0.1365771035498953012154998987170984037220478057861328125": {
        "slope": -10.0574418123,
        "yIntercept": -1.37361627184445623826792830579623938547229045070707798004150390625
      },
      "0.4365771035498953012154998987170984037220478057861328125": {
        "slope": 1.2736537410,
        "yIntercept": 0.17395193887126853055144329318615348256571451202034950256347656250
      },
      "1.1365771035498953012154998987170984037220478057861328125": {
        "slope": 0.3857142858,
        "yIntercept": 0.56160597430761948922688758467636205296003026887774467468261718750
      }
    },
    "lowestX": -0.1634228964501046987845001012829015962779521942138671875
  },
  "alpha": 1096.1621914829311208450235426425933837890625,
  "beta": 0.1365771035498953012154998987170984037220478057861328125,
  "setupType": "Multi Region Model Global Bidder",
  "population": 0,
  "id": 0,
  "worldId": 45,
  "implementation": "ch.uzh.ifi.ce.mweiss.specval.model.mrm.MRMGlobalBidder"
}