{
  "gammaValues": {
    "1": 0.96000,
    "2": 0.84000,
    "3": 0.64000,
    "4": 0.36000
  },
  "qualityFunction": {
    "linearFunctions": {
      "-0.1432342206515366089814023098369943909347057342529296875": {
        "slope": 19.9533554151,
        "yIntercept": 3.12800331226503375304504492582235997133466298691928386688232421875
      },
      "0.4567657793484633910185976901630056090652942657470703125": {
        "slope": 0.7666666667,
        "yIntercept": 0.37981290250428587424079299117440911004450754262506961822509765625
      },
      "1.1567657793484633910185976901630056090652942657470703125": {
        "slope": 0.3857142858,
        "yIntercept": 0.55381891364072705380581545742124660591798601672053337097167968750
      }
    },
    "lowestX": -0.1567657793484633910185976901630056090652942657470703125
  },
  "alpha": 1029.93643469442031346261501312255859375,
  "beta": 0.1567657793484633910185976901630056090652942657470703125,
  "setupType": "Multi Region Model Global Bidder",
  "population": 0,
  "id": 0,
  "worldId": 37,
  "implementation": "ch.uzh.ifi.ce.mweiss.specval.model.mrm.MRMGlobalBidder"
}