{
  "gammaValues": {
    "1": 0.96000,
    "2": 0.84000,
    "3": 0.64000,
    "4": 0.36000
  },
  "qualityFunction": {
    "linearFunctions": {
      "-0.117750330867294927816857352809165604412555694580078125": {
        "slope": 4.1860894587,
        "yIntercept": 0.7629134188079794740818760312439650306259864009916782379150390625
      },
      "0.482249669132705072183142647190834395587444305419921875": {
        "slope": 0.7666666667,
        "yIntercept": 0.3602752536688511223551671347475888751432648859918117523193359375
      },
      "1.182249669132705072183142647190834395587444305419921875": {
        "slope": 0.3857142858,
        "yIntercept": 0.5439894132931923576608416870392659347999142482876777648925781250
      }
    },
    "lowestX": -0.182249669132705072183142647190834395587444305419921875
  },
  "alpha": 1011.128277553128327781450934708118438720703125,
  "beta": 0.182249669132705072183142647190834395587444305419921875,
  "setupType": "Multi Region Model Global Bidder",
  "population": 0,
  "id": 0,
  "worldId": 37,
  "implementation": "ch.uzh.ifi.ce.mweiss.specval.model.mrm.MRMGlobalBidder"
}