{
  "gammaValues": {
    "1": 0.96000,
    "2": 0.84000,
    "3": 0.64000,
    "4": 0.36000
  },
  "qualityFunction": {
    "linearFunctions": {
      "-0.12506591906217396914513528827228583395481109619140625": {
        "slope": 5.4142761603,
        "yIntercept": 0.947141424045662145366266237989094634031062014400959014892578125
      },
      "0.47493408093782603085486471172771416604518890380859375": {
        "slope": 0.7666666667,
        "yIntercept": 0.365883871285168906980009519980256982307764701545238494873046875
      },
      "1.17493408093782603085486471172771416604518890380859375": {
        "slope": 0.3857142858,
        "yIntercept": 0.546811140168987038304167094260321846377337351441383361816406250
      }
    },
    "lowestX": -0.17493408093782603085486471172771416604518890380859375
  },
  "alpha": 1160.78001092104796043713577091693878173828125,
  "beta": 0.17493408093782603085486471172771416604518890380859375,
  "setupType": "Multi Region Model Global Bidder",
  "population": 0,
  "id": 0,
  "worldId": 81,
  "implementation": "ch.uzh.ifi.ce.mweiss.specval.model.mrm.MRMGlobalBidder"
}