{
  "gammaValues": {
    "1": 0.96000,
    "2": 0.84000,
    "3": 0.64000,
    "4": 0.36000
  },
  "qualityFunction": {
    "linearFunctions": {
      "-0.1162412583976655644502073982948786579072475433349609375": {
        "slope": 3.9989642266,
        "yIntercept": 0.73484463399276857081292391726812240904109785333275794982910156250
      },
      "0.4837587416023344355497926017051213420927524566650390625": {
        "slope": 0.7666666667,
        "yIntercept": 0.35911829810875164135841452417441388433871907182037830352783203125
      },
      "1.1837587416023344355497926017051213420927524566650390625": {
        "slope": 0.3857142858,
        "yIntercept": 0.54340734248334882557916561629518525933235650882124900817871093750
      }
    },
    "lowestX": -0.1837587416023344355497926017051213420927524566650390625
  },
  "alpha": 1387.239624956016996293328702449798583984375,
  "beta": 0.1837587416023344355497926017051213420927524566650390625,
  "setupType": "Multi Region Model Global Bidder",
  "population": 0,
  "id": 1,
  "worldId": 81,
  "implementation": "ch.uzh.ifi.ce.mweiss.specval.model.mrm.MRMGlobalBidder"
}