{
  "gammaValues": {
    "1": 0.96000,
    "2": 0.84000,
    "3": 0.64000,
    "4": 0.36000
  },
  "qualityFunction": {
    "linearFunctions": {
      "-0.123272482066064348327216748657519929111003875732421875": {
        "slope": 5.0509740686,
        "yIntercept": 0.8926461102923504245402704149192629756726091727614402770996093750
      },
      "0.476727517933935651672783251342480070888996124267578125": {
        "slope": 0.7666666667,
        "yIntercept": 0.3645089029214250831197349855816725039403536356985569000244140625
      },
      "1.176727517933935651672783251342480070888996124267578125": {
        "slope": 0.3857142858,
        "yIntercept": 0.5461193858989053185318748329102334082563174888491630554199218750
      }
    },
    "lowestX": -0.176727517933935651672783251342480070888996124267578125
  },
  "alpha": 1070.75574172612004986149258911609649658203125,
  "beta": 0.176727517933935651672783251342480070888996124267578125,
  "setupType": "Multi Region Model Global Bidder",
  "population": 0,
  "id": 0,
  "worldId": 3,
  "implementation": "ch.uzh.ifi.ce.mweiss.specval.model.mrm.MRMGlobalBidder"
}