{
  "gammaValues": {
    "1": 0.96000,
    "2": 0.84000,
    "3": 0.64000,
    "4": 0.36000
  },
  "qualityFunction": {
    "linearFunctions": {
      "-0.1233568166076488947791034433976165018975734710693359375": {
        "slope": 5.0669620823,
        "yIntercept": 0.89504431234580813400278041791491290268822922371327877044677734375
      },
      "0.4766431833923511052208965566023834981024265289306640625": {
        "slope": 0.7666666667,
        "yIntercept": 0.36457355940330937988423426976414276623472687788307666778564453125
      },
      "1.1766431833923511052208965566023834981024265289306640625": {
        "slope": 0.3857142858,
        "yIntercept": 0.54615191493638087226688123343443237445171689614653587341308593750
      }
    },
    "lowestX": -0.1766431833923511052208965566023834981024265289306640625
  },
  "alpha": 1134.34999305249084500246681272983551025390625,
  "beta": 0.1766431833923511052208965566023834981024265289306640625,
  "setupType": "Multi Region Model Global Bidder",
  "population": 0,
  "id": 0,
  "worldId": 69,
  "implementation": "ch.uzh.ifi.ce.mweiss.specval.model.mrm.MRMGlobalBidder"
}