{
  "gammaValues": {
    "1": 0.96000,
    "2": 0.84000,
    "3": 0.64000,
    "4": 0.36000
  },
  "qualityFunction": {
    "linearFunctions": {
      "-0.131961854341322915029621754001709632575511932373046875": {
        "slope": 7.4841395870,
        "yIntercept": 1.2576209380501773616765705532394292731623863801360130310058593750
      },
      "0.468038145658677084970378245998290367424488067626953125": {
        "slope": 0.7666666667,
        "yIntercept": 0.3711707549994129633340874419022981101079494692385196685791015625
      },
      "1.168038145658677084970378245998290367424488067626953125": {
        "slope": 0.3857142858,
        "yIntercept": 0.5494710009201069975978246406889127229078439995646476745605468750
      }
    },
    "lowestX": -0.168038145658677084970378245998290367424488067626953125
  },
  "alpha": 977.59479698883524179109372198581695556640625,
  "beta": 0.168038145658677084970378245998290367424488067626953125,
  "setupType": "Multi Region Model Global Bidder",
  "population": 0,
  "id": 1,
  "worldId": 69,
  "implementation": "ch.uzh.ifi.ce.mweiss.specval.model.mrm.MRMGlobalBidder"
}