{
  "gammaValues": {
    "1": 0.96000,
    "2": 0.84000,
    "3": 0.64000,
    "4": 0.36000
  },
  "qualityFunction": {
    "linearFunctions": {
      "-0.1268264855003535085398169712789240293204784393310546875": {
        "slope": 5.8256161362,
        "yIntercept": 1.00884242043160526984615775192288822381669888272881507873535156250
      },
      "0.4731735144996464914601830287210759706795215606689453125": {
        "slope": 0.7666666667,
        "yIntercept": 0.36723363888783190606387146159850232152166427113115787506103515625
      },
      "1.1731735144996464914601830287210759706795215606689453125": {
        "slope": 0.3857142858,
        "yIntercept": 0.54749021579529290919395970393956929456180660054087638854980468750
      }
    },
    "lowestX": -0.1731735144996464914601830287210759706795215606689453125
  },
  "alpha": 1328.177850828216833178885281085968017578125,
  "beta": 0.1731735144996464914601830287210759706795215606689453125,
  "setupType": "Multi Region Model Global Bidder",
  "population": 0,
  "id": 0,
  "worldId": 73,
  "implementation": "ch.uzh.ifi.ce.mweiss.specval.model.mrm.MRMGlobalBidder"
}