{
  "gammaValues": {
    "1": 0.96000,
    "2": 0.84000,
    "3": 0.64000,
    "4": 0.36000
  },
  "qualityFunction": {
    "linearFunctions": {
      "-0.1362111026831613724841218981964630074799060821533203125": {
        "slope": 9.7904855551,
        "yIntercept": 1.60357283326626573069191395159993618335647624917328357696533203125
      },
      "0.4637888973168386275158781018035369925200939178466796875": {
        "slope": 0.7666666667,
        "yIntercept": 0.37442851206163075566059883436675903567447676323354244232177734375
      },
      "1.1637888973168386275158781018035369925200939178466796875": {
        "slope": 0.3857142858,
        "yIntercept": 0.55110999670946605247386084980298903701623203232884407043457031250
      }
    },
    "lowestX": -0.1637888973168386275158781018035369925200939178466796875
  },
  "alpha": 1154.261421535569070329074747860431671142578125,
  "beta": 0.1637888973168386275158781018035369925200939178466796875,
  "setupType": "Multi Region Model Global Bidder",
  "population": 0,
  "id": 1,
  "worldId": 73,
  "implementation": "ch.uzh.ifi.ce.mweiss.specval.model.mrm.MRMGlobalBidder"
}