{
  "gammaValues": {
    "1": 0.96000,
    "2": 0.84000,
    "3": 0.64000,
    "4": 0.36000
  },
  "qualityFunction": {
    "linearFunctions": {
      "-0.134534533585965954127772192805423401296138763427734375": {
        "slope": -8.7291256781,
        "yIntercept": -1.1743688517135377160308970634350345108032342977821826934814453125
      },
      "0.434534533585965954127772192805423401296138763427734375": {
        "slope": 1.2827968381,
        "yIntercept": 0.1725804742993353804893558123279007077144342474639415740966796875
      },
      "1.134534533585965954127772192805423401296138763427734375": {
        "slope": 0.3857142858,
        "yIntercept": 0.5623938227224530291004907867069562144024530425667762756347656250
      }
    },
    "lowestX": -0.165465466414034045872227807194576598703861236572265625
  },
  "alpha": 1397.138484956940601477981545031070709228515625,
  "beta": 0.134534533585965954127772192805423401296138763427734375,
  "setupType": "Multi Region Model Global Bidder",
  "population": 0,
  "id": 0,
  "worldId": 25,
  "implementation": "ch.uzh.ifi.ce.mweiss.specval.model.mrm.MRMGlobalBidder"
}