{
  "gammaValues": {
    "1": 0.96000,
    "2": 0.84000,
    "3": 0.64000,
    "4": 0.36000
  },
  "qualityFunction": {
    "linearFunctions": {
      "-0.1167965918571790828739409562331275083124637603759765625": {
        "slope": -4.0658476810,
        "yIntercept": -0.47487715214878494269528034776861602495046099647879600524902343750
      },
      "0.4167965918571790828739409562331275083124637603759765625": {
        "slope": 1.3680834432,
        "yIntercept": 0.15978748354199464233719929495691758347675204277038574218750000000
      },
      "1.1167965918571790828739409562331275083124637603759765625": {
        "slope": 0.3857142858,
        "yIntercept": 0.56923560024793407444657885263517016483092447742819786071777343750
      }
    },
    "lowestX": -0.1832034081428209171260590437668724916875362396240234375
  },
  "alpha": 1329.5254147898513110703788697719573974609375,
  "beta": 0.1167965918571790828739409562331275083124637603759765625,
  "setupType": "Multi Region Model Global Bidder",
  "population": 0,
  "id": 0,
  "worldId": 25,
  "implementation": "ch.uzh.ifi.ce.mweiss.specval.model.mrm.MRMGlobalBidder"
}