{
  "gammaValues": {
    "1": 0.96000,
    "2": 0.84000,
    "3": 0.64000,
    "4": 0.36000
  },
  "qualityFunction": {
    "linearFunctions": {
      "-0.10118110699288575260457179183504194952547550201416015625": {
        "slope": -2.7653228429,
        "yIntercept": -0.279798426432664100532619453065574788297453778795897960662841796875
      },
      "0.40118110699288575260457179183504194952547550201416015625": {
        "slope": 1.4531347695,
        "yIntercept": 0.147029784587861876250878455374415665346532477997243404388427734375
      },
      "1.10118110699288575260457179183504194952547550201416015625": {
        "slope": 0.3857142858,
        "yIntercept": 0.575258715839785686253132101497520523025741567835211753845214843750
      }
    },
    "lowestX": -0.19881889300711424739542820816495805047452449798583984375
  },
  "alpha": 864.593758691931725479662418365478515625,
  "beta": 0.10118110699288575260457179183504194952547550201416015625,
  "setupType": "Multi Region Model Global Bidder",
  "population": 0,
  "id": 0,
  "worldId": 25,
  "implementation": "ch.uzh.ifi.ce.mweiss.specval.model.mrm.MRMGlobalBidder"
}