{
  "gammaValues": {
    "1": 0.96000,
    "2": 0.84000,
    "3": 0.64000,
    "4": 0.36000
  },
  "qualityFunction": {
    "linearFunctions": {
      "-0.132527443212110529469072162100928835570812225341796875": {
        "slope": 7.7264021311,
        "yIntercept": 1.2939603196667149757814114952036987915562349371612071990966796875
      },
      "0.467472556787889470530927837899071164429187774658203125": {
        "slope": 0.7666666667,
        "yIntercept": 0.3716043731337023207000256752596811793409870006144046783447265625
      },
      "1.167472556787889470530927837899071164429187774658203125": {
        "slope": 0.3857142858,
        "yIntercept": 0.5496891566274592707848230221934215933288214728236198425292968750
      }
    },
    "lowestX": -0.167472556787889470530927837899071164429187774658203125
  },
  "alpha": 856.1004159352322631093556992709636688232421875,
  "beta": 0.167472556787889470530927837899071164429187774658203125,
  "setupType": "Multi Region Model Global Bidder",
  "population": 0,
  "id": 0,
  "worldId": 25,
  "implementation": "ch.uzh.ifi.ce.mweiss.specval.model.mrm.MRMGlobalBidder"
}