{
  "gammaValues": {
    "1": 0.96000,
    "2": 0.84000,
    "3": 0.64000,
    "4": 0.36000
  },
  "qualityFunction": {
    "linearFunctions": {
      "-0.1177657218249175408164575173941557295620441436767578125": {
        "slope": -4.1880881981,
        "yIntercept": -0.49321322971433525280091923315151092310770764015614986419677734375
      },
      "0.4177657218249175408164575173941557295620441436767578125": {
        "slope": 1.3631319107,
        "yIntercept": 0.16053021340616453828308297369087398465126170776784420013427734375
      },
      "1.1177657218249175408164575173941557295620441436767578125": {
        "slope": 0.3857142858,
        "yIntercept": 0.56886179297458045810008773979227214567799819633364677429199218750
      }
    },
    "lowestX": -0.1822342781750824591835424826058442704379558563232421875
  },
  "alpha": 916.8334616863361361538409255445003509521484375,
  "beta": 0.1177657218249175408164575173941557295620441436767578125,
  "setupType": "Multi Region Model Global Bidder",
  "population": 0,
  "id": 0,
  "worldId": 51,
  "implementation": "ch.uzh.ifi.ce.mweiss.specval.model.mrm.MRMGlobalBidder"
}