{
  "gammaValues": {
    "1": 0.96000,
    "2": 0.84000,
    "3": 0.64000,
    "4": 0.36000
  },
  "qualityFunction": {
    "linearFunctions": {
      "-0.1376284484538564500955004632487543858587741851806640625": {
        "slope": 10.9121317158,
        "yIntercept": 1.77181975737032755809248945610967496122611919417977333068847656250
      },
      "0.4623715515461435499044995367512456141412258148193359375": {
        "slope": 0.7666666667,
        "yIntercept": 0.37551514381921089335501223682722837793335202150046825408935546875
      },
      "1.1623715515461435499044995367512456141412258148193359375": {
        "slope": 0.3857142858,
        "yIntercept": 0.55165668722114135490430930297556244568113470450043678283691406250
      }
    },
    "lowestX": -0.1623715515461435499044995367512456141412258148193359375
  },
  "alpha": 957.503067515623797589796595275402069091796875,
  "beta": 0.1623715515461435499044995367512456141412258148193359375,
  "setupType": "Multi Region Model Global Bidder",
  "population": 0,
  "id": 0,
  "worldId": 51,
  "implementation": "ch.uzh.ifi.ce.mweiss.specval.model.mrm.MRMGlobalBidder"
}