{
  "gammaValues": {
    "1": 0.96000,
    "2": 0.84000,
    "3": 0.64000,
    "4": 0.36000
  },
  "qualityFunction": {
    "linearFunctions": {
      "-0.11573168478097202171994695163448341190814971923828125": {
        "slope": 3.9394991886,
        "yIntercept": 0.725924878290049751714967407600909155007684603333473205566406250
      },
      "0.48426831521902797828005304836551658809185028076171875": {
        "slope": 0.7666666667,
        "yIntercept": 0.358727625002602939477991730310435514184064231812953948974609375
      },
      "1.18426831521902797828005304836551658809185028076171875": {
        "slope": 0.3857142858,
        "yIntercept": 0.543210792659723352787491426063581911876099184155464172363281250
      }
    },
    "lowestX": -0.18426831521902797828005304836551658809185028076171875
  },
  "alpha": 1309.551741956640398711897432804107666015625,
  "beta": 0.18426831521902797828005304836551658809185028076171875,
  "setupType": "Multi Region Model Global Bidder",
  "population": 0,
  "id": 1,
  "worldId": 51,
  "implementation": "ch.uzh.ifi.ce.mweiss.specval.model.mrm.MRMGlobalBidder"
}