{
  "gammaValues": {
    "1": 0.96000,
    "2": 0.84000,
    "3": 0.64000,
    "4": 0.36000
  },
  "qualityFunction": {
    "linearFunctions": {
      "-0.13723322757975642272043614866561256349086761474609375": {
        "slope": -10.5743249394,
        "yIntercept": -1.451148740909025756649963239119927038700552657246589660644531250
      },
      "0.43723322757975642272043614866561256349086761474609375": {
        "slope": 1.2707443463,
        "yIntercept": 0.174388348071476706503107101386973454282269813120365142822265625
      },
      "1.13723322757975642272043614866561256349086761474609375": {
        "slope": 0.3857142858,
        "yIntercept": 0.561352897896045388872424077852940627053612843155860900878906250
      }
    },
    "lowestX": -0.16276677242024357727956385133438743650913238525390625
  },
  "alpha": 1269.88592555669674766249954700469970703125,
  "beta": 0.13723322757975642272043614866561256349086761474609375,
  "setupType": "Multi Region Model Global Bidder",
  "population": 0,
  "id": 0,
  "worldId": 1,
  "implementation": "ch.uzh.ifi.ce.mweiss.specval.model.mrm.MRMGlobalBidder"
}