{
  "gammaValues": {
    "1": 0.96000,
    "2": 0.84000,
    "3": 0.64000,
    "4": 0.36000
  },
  "qualityFunction": {
    "linearFunctions": {
      "-0.146027916367365062644267936775577254593372344970703125": {
        "slope": -33.9871997887,
        "yIntercept": -4.9630799683047888713209745159549157733636093325912952423095703125
      },
      "0.446027916367365062644267936775577254593372344970703125": {
        "slope": 1.2329918222,
        "yIntercept": 0.1800512266938666532023730737499533915979554876685142517089843750
      },
      "1.146027916367365062644267936775577254593372344970703125": {
        "slope": 0.3857142858,
        "yIntercept": 0.5579606607914996544342939333027686643617926165461540222167968750
      }
    },
    "lowestX": -0.153972083632634937355732063224422745406627655029296875
  },
  "alpha": 1202.6570692866271201637573540210723876953125,
  "beta": 0.146027916367365062644267936775577254593372344970703125,
  "setupType": "Multi Region Model Global Bidder",
  "population": 0,
  "id": 0,
  "worldId": 55,
  "implementation": "ch.uzh.ifi.ce.mweiss.specval.model.mrm.MRMGlobalBidder"
}