{
  "gammaValues": {
    "1": 0.96000,
    "2": 0.84000,
    "3": 0.64000,
    "4": 0.36000
  },
  "qualityFunction": {
    "linearFunctions": {
      "-0.116369067598771536165003226415137760341167449951171875": {
        "slope": 4.0141616768,
        "yIntercept": 0.7371242515200627007677788071760005550459027290344238281250000000
      },
      "0.483630932401228463834996773584862239658832550048828125": {
        "slope": 0.7666666667,
        "yIntercept": 0.3592162851629371466464615247904390571420663036406040191650390625
      },
      "1.183630932401228463834996773584862239658832550048828125": {
        "slope": 0.3857142858,
        "yIntercept": 0.5434566403180720840292530904314105555386049672961235046386718750
      }
    },
    "lowestX": -0.183630932401228463834996773584862239658832550048828125
  },
  "alpha": 1304.153331921426797634921967983245849609375,
  "beta": 0.183630932401228463834996773584862239658832550048828125,
  "setupType": "Multi Region Model Global Bidder",
  "population": 0,
  "id": 0,
  "worldId": 55,
  "implementation": "ch.uzh.ifi.ce.mweiss.specval.model.mrm.MRMGlobalBidder"
}