{
  "gammaValues": {
    "1": 0.96000,
    "2": 0.84000,
    "3": 0.64000,
    "4": 0.36000
  },
  "qualityFunction": {
    "linearFunctions": {
      "-0.125470213403162345056074400417855940759181976318359375": {
        "slope": 5.5035130236,
        "yIntercept": 0.9605269535418247565587774650097685480432119220495223999023437500
      },
      "0.474529786596837654943925599582144059240818023681640625": {
        "slope": 0.7666666667,
        "yIntercept": 0.3661938302799401383230957851555587012626347132027149200439453125
      },
      "1.174529786596837654943925599582144059240818023681640625": {
        "slope": 0.3857142858,
        "yIntercept": 0.5469670822719743513847568983088365257572149857878684997558593750
      }
    },
    "lowestX": -0.174529786596837654943925599582144059240818023681640625
  },
  "alpha": 1035.45260990452288751839660108089447021484375,
  "beta": 0.174529786596837654943925599582144059240818023681640625,
  "setupType": "Multi Region Model Global Bidder",
  "population": 0,
  "id": 1,
  "worldId": 55,
  "implementation": "ch.uzh.ifi.ce.mweiss.specval.model.mrm.MRMGlobalBidder"
}