{
  "gammaValues": {
    "1": 0.96000,
    "2": 0.84000,
    "3": 0.64000,
    "4": 0.36000
  },
  "qualityFunction": {
    "linearFunctions": {
      "-0.1398957539689977658259323334277723915874958038330078125": {
        "slope": 13.3607197990,
        "yIntercept": 2.13910796985037871794270028513729187125136377289891242980957031250
      },
      "0.4601042460310022341740676665722276084125041961669921875": {
        "slope": 0.7666666667,
        "yIntercept": 0.37725341138089481226551471448882324466467252932488918304443359375
      },
      "1.1601042460310022341740676665722276084125041961669921875": {
        "slope": 0.3857142858,
        "yIntercept": 0.55253121934860448858734513710722069390612887218594551086425781250
      }
    },
    "lowestX": -0.1601042460310022341740676665722276084125041961669921875
  },
  "alpha": 857.391084434798131042043678462505340576171875,
  "beta": 0.1601042460310022341740676665722276084125041961669921875,
  "setupType": "Multi Region Model Global Bidder",
  "population": 0,
  "id": 0,
  "worldId": 23,
  "implementation": "ch.uzh.ifi.ce.mweiss.specval.model.mrm.MRMGlobalBidder"
}