{
  "gammaValues": {
    "1": 0.96000,
    "2": 0.84000,
    "3": 0.64000,
    "4": 0.36000
  },
  "qualityFunction": {
    "linearFunctions": {
      "-0.143186432403717145422916701136273331940174102783203125": {
        "slope": -19.8134087748,
        "yIntercept": -2.8370113162198836547403745766970928343653213232755661010742187500
      },
      "0.443186432403717145422916701136273331940174102783203125": {
        "slope": 1.2449416469,
        "yIntercept": 0.1782587529704191487045727149141072231941507197916507720947265625
      },
      "1.143186432403717145422916701136273331940174102783203125": {
        "slope": 0.3857142858,
        "yIntercept": 0.5590566617491502639879849456683302832971094176173210144042968750
      }
    },
    "lowestX": -0.156813567596282854577083298863726668059825897216796875
  },
  "alpha": 1199.309769416755671045393683016300201416015625,
  "beta": 0.143186432403717145422916701136273331940174102783203125,
  "setupType": "Multi Region Model Global Bidder",
  "population": 0,
  "id": 0,
  "worldId": 23,
  "implementation": "ch.uzh.ifi.ce.mweiss.specval.model.mrm.MRMGlobalBidder"
}