{
  "gammaValues": {
    "1": 0.96000,
    "2": 0.84000,
    "3": 0.64000,
    "4": 0.36000
  },
  "qualityFunction": {
    "linearFunctions": {
      "-0.10551819264779337126380909239742322824895381927490234375": {
        "slope": -3.0349486236,
        "yIntercept": -0.320242293538819868305698802535275149239168968051671981811523437500
      },
      "0.40551819264779337126380909239742322824895381927490234375": {
        "slope": 1.4284697157,
        "yIntercept": 0.150729542652771227281557923916022190269359271042048931121826171875
      },
      "1.10551819264779337126380909239742322824895381927490234375": {
        "slope": 0.3857142858,
        "yIntercept": 0.573585839943949568857005632538381689755624393001198768615722656250
      }
    },
    "lowestX": -0.19448180735220662873619090760257677175104618072509765625
  },
  "alpha": 1263.66651870302803217782638967037200927734375,
  "beta": 0.10551819264779337126380909239742322824895381927490234375,
  "setupType": "Multi Region Model Global Bidder",
  "population": 0,
  "id": 0,
  "worldId": 23,
  "implementation": "ch.uzh.ifi.ce.mweiss.specval.model.mrm.MRMGlobalBidder"
}