{
  "gammaValues": {
    "1": 0.96000,
    "2": 0.84000,
    "3": 0.64000,
    "4": 0.36000
  },
  "qualityFunction": {
    "linearFunctions": {
      "-0.1240176457474509275069607383557013235986232757568359375": {
        "slope": 5.1958340145,
        "yIntercept": 0.91437510217718319418975971013541226284360163845121860504150390625
      },
      "0.4759823542525490724930392616442986764013767242431640625": {
        "slope": 0.7666666667,
        "yIntercept": 0.36508019507717963261358493032293637270413455553352832794189453125
      },
      "1.1759823542525490724930392616442986764013767242431640625": {
        "slope": 0.3857142858,
        "yIntercept": 0.54640680617607544167389493572351000238995766267180442810058593750
      }
    },
    "lowestX": -0.1759823542525490724930392616442986764013767242431640625
  },
  "alpha": 1253.94693263288945672684349119663238525390625,
  "beta": 0.1759823542525490724930392616442986764013767242431640625,
  "setupType": "Multi Region Model Global Bidder",
  "population": 0,
  "id": 1,
  "worldId": 75,
  "implementation": "ch.uzh.ifi.ce.mweiss.specval.model.mrm.MRMGlobalBidder"
}