{
  "gammaValues": {
    "1": 0.96000,
    "2": 0.84000,
    "3": 0.64000,
    "4": 0.36000
  },
  "qualityFunction": {
    "linearFunctions": {
      "-0.1081044665969540796712777819266193546354770660400390625": {
        "slope": -3.2223005421,
        "yIntercept": -0.34834508131120352686643501349816887113775010220706462860107421875
      },
      "0.4081044665969540796712777819266193546354770660400390625": {
        "slope": 1.4141560773,
        "yIntercept": 0.15287658842135746143616586156799286300156381912529468536376953125
      },
      "1.1081044665969540796712777819266193546354770660400390625": {
        "slope": 0.3857142858,
        "yIntercept": 0.57258827713476590070419679157076586761832004413008689880371093750
      }
    },
    "lowestX": -0.1918955334030459203287222180733806453645229339599609375
  },
  "alpha": 823.5990118534351722701103426516056060791015625,
  "beta": 0.1081044665969540796712777819266193546354770660400390625,
  "setupType": "Multi Region Model Global Bidder",
  "population": 0,
  "id": 0,
  "worldId": 75,
  "implementation": "ch.uzh.ifi.ce.mweiss.specval.model.mrm.MRMGlobalBidder"
}