{
  "gammaValues": {
    "1": 0.96000,
    "2": 0.84000,
    "3": 0.64000,
    "4": 0.36000
  },
  "qualityFunction": {
    "linearFunctions": {
      "-0.145501276749015151512622878726688213646411895751953125": {
        "slope": 30.0085140758,
        "yIntercept": 4.6362771113703075620459866823530603596736909821629524230957031250
      },
      "0.454498723250984848487377121273311786353588104248046875": {
        "slope": 0.7666666667,
        "yIntercept": 0.3815509788457616587179780454075483930864720605313777923583984375
      },
      "1.154498723250984848487377121273311786353588104248046875": {
        "slope": 0.3857142858,
        "yIntercept": 0.5546933495642345250190701233528045577259035781025886535644531250
      }
    },
    "lowestX": -0.154498723250984848487377121273311786353588104248046875
  },
  "alpha": 871.95852006853283455711789429187774658203125,
  "beta": 0.154498723250984848487377121273311786353588104248046875,
  "setupType": "Multi Region Model Global Bidder",
  "population": 0,
  "id": 0,
  "worldId": 17,
  "implementation": "ch.uzh.ifi.ce.mweiss.specval.model.mrm.MRMGlobalBidder"
}