{
  "gammaValues": {
    "1": 0.96000,
    "2": 0.84000,
    "3": 0.64000,
    "4": 0.36000
  },
  "qualityFunction": {
    "linearFunctions": {
      "-0.1469294893073928964799534924168256111443042755126953125": {
        "slope": 43.9666275467,
        "yIntercept": 6.72999413200501637366457531597152552649276913143694400787353515625
      },
      "0.4530705106926071035200465075831743888556957244873046875": {
        "slope": 0.7666666667,
        "yIntercept": 0.38264594180723220361154410740223141829119413159787654876708984375
      },
      "1.1530705106926071035200465075831743888556957244873046875": {
        "slope": 0.3857142858,
        "yIntercept": 0.55524423155115978772575859534477160650567384436726570129394531250
      }
    },
    "lowestX": -0.1530705106926071035200465075831743888556957244873046875
  },
  "alpha": 1370.50413034952316593262366950511932373046875,
  "beta": 0.1530705106926071035200465075831743888556957244873046875,
  "setupType": "Multi Region Model Global Bidder",
  "population": 0,
  "id": 0,
  "worldId": 17,
  "implementation": "ch.uzh.ifi.ce.mweiss.specval.model.mrm.MRMGlobalBidder"
}