{
  "gammaValues": {
    "1": 0.96000,
    "2": 0.84000,
    "3": 0.64000,
    "4": 0.36000
  },
  "qualityFunction": {
    "linearFunctions": {
      "-0.130557009143639446424600691898376680910587310791015625": {
        "slope": 6.9433762017,
        "yIntercept": 1.1765064302569245707700654024474573589031933806836605072021484375
      },
      "0.469442990856360553575399308101623319089412689208984375": {
        "slope": 0.7666666667,
        "yIntercept": 0.3700937070144754758969818453362421450947294943034648895263671875
      },
      "1.169442990856360553575399308101623319089412689208984375": {
        "slope": 0.3857142858,
        "yIntercept": 0.5489291320580229586903722194257682076568016782402992248535156250
      }
    },
    "lowestX": -0.169442990856360553575399308101623319089412689208984375
  },
  "alpha": 878.27728360349783542915247380733489990234375,
  "beta": 0.169442990856360553575399308101623319089412689208984375,
  "setupType": "Multi Region Model Global Bidder",
  "population": 0,
  "id": 0,
  "worldId": 83,
  "implementation": "ch.uzh.ifi.ce.mweiss.specval.model.mrm.MRMGlobalBidder"
}