{
  "gammaValues": {
    "1": 0.96000,
    "2": 0.84000,
    "3": 0.64000,
    "4": 0.36000
  },
  "qualityFunction": {
    "linearFunctions": {
      "-0.1435064189341541396327528445908683352172374725341796875": {
        "slope": -20.7897612474,
        "yIntercept": -2.98346418710957265556470644374265077658492373302578926086425781250
      },
      "0.4435064189341541396327528445908683352172374725341796875": {
        "slope": 1.2435843868,
        "yIntercept": 0.17846234199209398531187852343649069553066510707139968872070312500
      },
      "1.1435064189341541396327528445908683352172374725341796875": {
        "slope": 0.3857142858,
        "yIntercept": 0.55893323837309713880443926226071482687984826043248176574707031250
      }
    },
    "lowestX": -0.1564935810658458603672471554091316647827625274658203125
  },
  "alpha": 1099.088944880324788755387999117374420166015625,
  "beta": 0.1435064189341541396327528445908683352172374725341796875,
  "setupType": "Multi Region Model Global Bidder",
  "population": 0,
  "id": 1,
  "worldId": 83,
  "implementation": "ch.uzh.ifi.ce.mweiss.specval.model.mrm.MRMGlobalBidder"
}