{
  "gammaValues": {
    "1": 0.96000,
    "2": 0.84000,
    "3": 0.64000,
    "4": 0.36000
  },
  "qualityFunction": {
    "linearFunctions": {
      "-0.1363485054082995251434340389096178114414215087890625": {
        "slope": 9.8890271020,
        "yIntercept": 1.61835406530013242012285035187346693419385701417922973632812500
      },
      "0.4636514945917004748565659610903821885585784912109375": {
        "slope": 0.7666666667,
        "yIntercept": 0.37453385415090791945690941400215479006874375045299530029296875
      },
      "1.1636514945917004748565659610903821885585784912109375": {
        "slope": 0.3857142858,
        "yIntercept": 0.55116299490345968873317880287743264489108696579933166503906250
      }
    },
    "lowestX": -0.1636514945917004748565659610903821885585784912109375
  },
  "alpha": 991.68869577342456977930851280689239501953125,
  "beta": 0.1636514945917004748565659610903821885585784912109375,
  "setupType": "Multi Region Model Global Bidder",
  "population": 0,
  "id": 0,
  "worldId": 29,
  "implementation": "ch.uzh.ifi.ce.mweiss.specval.model.mrm.MRMGlobalBidder"
}