{
  "gammaValues": {
    "1": 0.96000,
    "2": 0.84000,
    "3": 0.64000,
    "4": 0.36000
  },
  "qualityFunction": {
    "linearFunctions": {
      "-0.1442866408010962497865392606399836950004100799560546875": {
        "slope": 23.6288311833,
        "yIntercept": 3.67932467749545084021913514960022695277075399644672870635986328125
      },
      "0.4557133591989037502134607393600163049995899200439453125": {
        "slope": 0.7666666667,
        "yIntercept": 0.38061975795231667952971664148353880818831385113298892974853515625
      },
      "1.1557133591989037502134607393600163049995899200439453125": {
        "slope": 0.3857142858,
        "yIntercept": 0.55422484712707597984347339337141136184072820469737052917480468750
      }
    },
    "lowestX": -0.1557133591989037502134607393600163049995899200439453125
  },
  "alpha": 819.1968208175861718700616620481014251708984375,
  "beta": 0.1557133591989037502134607393600163049995899200439453125,
  "setupType": "Multi Region Model Global Bidder",
  "population": 0,
  "id": 0,
  "worldId": 29,
  "implementation": "ch.uzh.ifi.ce.mweiss.specval.model.mrm.MRMGlobalBidder"
}