{
  "gammaValues": {
    "1": 0.96000,
    "2": 0.84000,
    "3": 0.64000,
    "4": 0.36000
  },
  "qualityFunction": {
    "linearFunctions": {
      "-0.10758989697504628413327054659021086990833282470703125": {
        "slope": -3.1832037738,
        "yIntercept": -0.342480566066279463917306133957652036770014092326164245605468750
      },
      "0.40758989697504628413327054659021086990833282470703125": {
        "slope": 1.4169810396,
        "yIntercept": 0.152452844066157978949278684055457233625929802656173706054687500
      },
      "1.10758989697504628413327054659021086990833282470703125": {
        "slope": 0.3857142858,
        "yIntercept": 0.572786753988974442093591679103781189041910693049430847167968750
      }
    },
    "lowestX": -0.19241010302495371586672945340978913009166717529296875
  },
  "alpha": 1036.757552895222715960699133574962615966796875,
  "beta": 0.10758989697504628413327054659021086990833282470703125,
  "setupType": "Multi Region Model Global Bidder",
  "population": 0,
  "id": 0,
  "worldId": 29,
  "implementation": "ch.uzh.ifi.ce.mweiss.specval.model.mrm.MRMGlobalBidder"
}