{
  "gammaValues": {
    "1": 0.96000,
    "2": 0.84000,
    "3": 0.64000,
    "4": 0.36000
  },
  "qualityFunction": {
    "linearFunctions": {
      "-0.12854421831541402720944233806221745908260345458984375": {
        "slope": 6.2920103302,
        "yIntercept": 1.078801549531930898908204929931287097133463248610496520996093750
      },
      "0.47145578168458597279055766193778254091739654541015625": {
        "slope": 0.7666666667,
        "yIntercept": 0.368550567379435561471086260088014796565403230488300323486328125
      },
      "1.17145578168458597279055766193778254091739654541015625": {
        "slope": 0.3857142858,
        "yIntercept": 0.548152769881249200636391818441950363194337114691734313964843750
      }
    },
    "lowestX": -0.17145578168458597279055766193778254091739654541015625
  },
  "alpha": 1012.41978047845486798905767500400543212890625,
  "beta": 0.17145578168458597279055766193778254091739654541015625,
  "setupType": "Multi Region Model Global Bidder",
  "population": 0,
  "id": 0,
  "worldId": 15,
  "implementation": "ch.uzh.ifi.ce.mweiss.specval.model.mrm.MRMGlobalBidder"
}