{
  "gammaValues": {
    "1": 0.96000,
    "2": 0.84000,
    "3": 0.64000,
    "4": 0.36000
  },
  "qualityFunction": {
    "linearFunctions": {
      "-0.136718436342524130022724193622707389295101165771484375": {
        "slope": 10.1644658327,
        "yIntercept": 1.6596698749062435263087276593463315066401264630258083343505859375
      },
      "0.463281563657475869977275806377292610704898834228515625": {
        "slope": 0.7666666667,
        "yIntercept": 0.3748174678671591142288393527781664715803344734013080596923828125
      },
      "1.163281563657475869977275806377292610704898834228515625": {
        "slope": 0.3857142858,
        "yIntercept": 0.5513056825495494589809814001135634953243425115942955017089843750
      }
    },
    "lowestX": -0.163281563657475869977275806377292610704898834228515625
  },
  "alpha": 1129.0834941158464062027633190155029296875,
  "beta": 0.163281563657475869977275806377292610704898834228515625,
  "setupType": "Multi Region Model Global Bidder",
  "population": 0,
  "id": 0,
  "worldId": 19,
  "implementation": "ch.uzh.ifi.ce.mweiss.specval.model.mrm.MRMGlobalBidder"
}