{
  "gammaValues": {
    "1": 0.96000,
    "2": 0.84000,
    "3": 0.64000,
    "4": 0.36000
  },
  "qualityFunction": {
    "linearFunctions": {
      "-0.1243837715557947587452503057647845707833766937255859375": {
        "slope": 5.2700966614,
        "yIntercept": 0.92551449921146575811303791048167965982429450377821922302246093750
      },
      "0.4756162284442052412547496942352154292166233062744140625": {
        "slope": 0.7666666667,
        "yIntercept": 0.36536089153025544075655172637784318112608161754906177520751953125
      },
      "1.1756162284442052412547496942352154292166233062744140625": {
        "slope": 0.3857142858,
        "yIntercept": 0.54654802613075373022080752583029550351056968793272972106933593750
      }
    },
    "lowestX": -0.1756162284442052412547496942352154292166233062744140625
  },
  "alpha": 910.70327806141403925721533596515655517578125,
  "beta": 0.1756162284442052412547496942352154292166233062744140625,
  "setupType": "Multi Region Model Global Bidder",
  "population": 0,
  "id": 0,
  "worldId": 19,
  "implementation": "ch.uzh.ifi.ce.mweiss.specval.model.mrm.MRMGlobalBidder"
}