{
  "gammaValues": {
    "1": 0.96000,
    "2": 0.84000,
    "3": 0.64000,
    "4": 0.36000
  },
  "qualityFunction": {
    "linearFunctions": {
      "-0.105021207308530872825969026962411589920520782470703125": {
        "slope": -3.0014144871,
        "yIntercept": -0.3152121730614430388825288453791273468596045859158039093017578125
      },
      "0.405021207308530872825969026962411589920520782470703125": {
        "slope": 1.4312535176,
        "yIntercept": 0.1503119723829336402203664224686008310527540743350982666015625000
      },
      "1.105021207308530872825969026962411589920520782470703125": {
        "slope": 0.3857142858,
        "yIntercept": 0.5737775342891362741406807290722724701481638476252555847167968750
      }
    },
    "lowestX": -0.194978792691469127174030973037588410079479217529296875
  },
  "alpha": 1189.0107326004881542758084833621978759765625,
  "beta": 0.105021207308530872825969026962411589920520782470703125,
  "setupType": "Multi Region Model Global Bidder",
  "population": 0,
  "id": 0,
  "worldId": 19,
  "implementation": "ch.uzh.ifi.ce.mweiss.specval.model.mrm.MRMGlobalBidder"
}