{
  "gammaValues": {
    "1": 0.96000,
    "2": 0.84000,
    "3": 0.64000,
    "4": 0.36000
  },
  "qualityFunction": {
    "linearFunctions": {
      "-0.1024602283751563758240621382356039248406887054443359375": {
        "slope": 2.8397275668,
        "yIntercept": 0.56095913502244486731162967929620322138362098485231399536132812500
      },
      "0.4975397716248436241759378617643960751593112945556640625": {
        "slope": 0.7666666667,
        "yIntercept": 0.34855284175770189574428618517476508031904813833534717559814453125
      },
      "1.1975397716248436241759378617643960751593112945556640625": {
        "slope": 0.3857142858,
        "yIntercept": 0.53809180233062833596429451410436684000160312280058860778808593750
      }
    },
    "lowestX": -0.1975397716248436241759378617643960751593112945556640625
  },
  "alpha": 1136.6963841478636823012493550777435302734375,
  "beta": 0.1975397716248436241759378617643960751593112945556640625,
  "setupType": "Multi Region Model Global Bidder",
  "population": 0,
  "id": 0,
  "worldId": 19,
  "implementation": "ch.uzh.ifi.ce.mweiss.specval.model.mrm.MRMGlobalBidder"
}