{
  "gammaValues": {
    "1": 0.96000,
    "2": 0.84000,
    "3": 0.64000,
    "4": 0.36000
  },
  "qualityFunction": {
    "linearFunctions": {
      "-0.133070509950713955493739604207803495228290557861328125": {
        "slope": -7.9742508254,
        "yIntercept": -1.0611376238091203270847480966132536650547990575432777404785156250
      },
      "0.433070509950713955493739604207803495228290557861328125": {
        "slope": 1.2894313861,
        "yIntercept": 0.1715852920947829383169063677261334532886394299566745758056640625
      },
      "1.133070509950713955493739604207803495228290557861328125": {
        "slope": 0.3857142858,
        "yIntercept": 0.5629585175533185734566392421918124000512761995196342468261718750
      }
    },
    "lowestX": -0.166929490049286044506260395792196504771709442138671875
  },
  "alpha": 1186.42727617531136274919845163822174072265625,
  "beta": 0.133070509950713955493739604207803495228290557861328125,
  "setupType": "Multi Region Model Global Bidder",
  "population": 0,
  "id": 0,
  "worldId": 41,
  "implementation": "ch.uzh.ifi.ce.mweiss.specval.model.mrm.MRMGlobalBidder"
}