{
  "gammaValues": {
    "1": 0.96000,
    "2": 0.84000,
    "3": 0.64000,
    "4": 0.36000
  },
  "qualityFunction": {
    "linearFunctions": {
      "-0.10310615097282362084829543391606421209871768951416015625": {
        "slope": -2.8788423812,
        "yIntercept": -0.296826357177029750869487209063990462709625717252492904663085937500
      },
      "0.40310615097282362084829543391606421209871768951416015625": {
        "slope": 1.4420826938,
        "yIntercept": 0.148687595942238977745179720479917762077093357220292091369628906250
      },
      "1.10310615097282362084829543391606421209871768951416015625": {
        "slope": 0.3857142858,
        "yIntercept": 0.574516198875930361875129736559664195283403387293219566345214843750
      }
    },
    "lowestX": -0.19689384902717637915170456608393578790128231048583984375
  },
  "alpha": 975.2141123722559541420196183025836944580078125,
  "beta": 0.10310615097282362084829543391606421209871768951416015625,
  "setupType": "Multi Region Model Global Bidder",
  "population": 0,
  "id": 1,
  "worldId": 41,
  "implementation": "ch.uzh.ifi.ce.mweiss.specval.model.mrm.MRMGlobalBidder"
}