{
  "gammaValues": {
    "1": 0.96000,
    "2": 0.84000,
    "3": 0.64000,
    "4": 0.36000
  },
  "qualityFunction": {
    "linearFunctions": {
      "-0.1020733909251136217744004852647776715457439422607421875": {
        "slope": 2.8168068346,
        "yIntercept": 0.55752102519134233340430933378861766414047451689839363098144531250
      },
      "0.4979266090748863782255995147352223284542560577392578125": {
        "slope": 0.7666666667,
        "yIntercept": 0.34825626637932288972454415942880956436056294478476047515869140625
      },
      "1.1979266090748863782255995147352223284542560577392578125": {
        "slope": 0.3857142858,
        "yIntercept": 0.53794259359986440190656421189707714347605360671877861022949218750
      }
    },
    "lowestX": -0.1979266090748863782255995147352223284542560577392578125
  },
  "alpha": 1057.5816842827798609505407512187957763671875,
  "beta": 0.1979266090748863782255995147352223284542560577392578125,
  "setupType": "Multi Region Model Global Bidder",
  "population": 0,
  "id": 0,
  "worldId": 41,
  "implementation": "ch.uzh.ifi.ce.mweiss.specval.model.mrm.MRMGlobalBidder"
}