{
  "gammaValues": {
    "1": 0.96000,
    "2": 0.84000,
    "3": 0.64000,
    "4": 0.36000
  },
  "qualityFunction": {
    "linearFunctions": {
      "-0.1461418208346680180920174052516813389956951141357421875": {
        "slope": 34.9905989886,
        "yIntercept": 5.38358984829030283833268927806692261128773679956793785095214843750
      },
      "0.4538581791653319819079825947483186610043048858642578125": {
        "slope": 0.7666666667,
        "yIntercept": 0.38204206264478354123170227796268960673842229880392551422119140625
      },
      "1.1538581791653319819079825947483186610043048858642578125": {
        "slope": 0.3857142858,
        "yIntercept": 0.55494041656875553447846397214782143691991223022341728210449218750
      }
    },
    "lowestX": -0.1538581791653319819079825947483186610043048858642578125
  },
  "alpha": 984.3362706510806674486957490444183349609375,
  "beta": 0.1538581791653319819079825947483186610043048858642578125,
  "setupType": "Multi Region Model Global Bidder",
  "population": 0,
  "id": 0,
  "worldId": 65,
  "implementation": "ch.uzh.ifi.ce.mweiss.specval.model.mrm.MRMGlobalBidder"
}