{
  "gammaValues": {
    "1": 0.96000,
    "2": 0.84000,
    "3": 0.64000,
    "4": 0.36000
  },
  "qualityFunction": {
    "linearFunctions": {
      "-0.146737552671990856278938508694409392774105072021484375": {
        "slope": 41.3799784110,
        "yIntercept": 6.3419967616500430027881207162288035306119127199053764343261718750
      },
      "0.453262447328009143721061491305590607225894927978515625": {
        "slope": 0.7666666667,
        "yIntercept": 0.3824987903867509082362525518750118180832942016422748565673828125
      },
      "1.153262447328009143721061491305590607225894927978515625": {
        "slope": 0.3857142858,
        "yIntercept": 0.5551701988489168347937612124631812093866756185889244079589843750
      }
    },
    "lowestX": -0.153262447328009143721061491305590607225894927978515625
  },
  "alpha": 875.4677983514897050554282031953334808349609375,
  "beta": 0.153262447328009143721061491305590607225894927978515625,
  "setupType": "Multi Region Model Global Bidder",
  "population": 0,
  "id": 1,
  "worldId": 65,
  "implementation": "ch.uzh.ifi.ce.mweiss.specval.model.mrm.MRMGlobalBidder"
}