{
  "gammaValues": {
    "1": 0.96000,
    "2": 0.84000,
    "3": 0.64000,
    "4": 0.36000
  },
  "qualityFunction": {
    "linearFunctions": {
      "-0.119458157167583067792548945362796075642108917236328125": {
        "slope": -4.4201655001,
        "yIntercept": -0.5280248250123257896424556878667289083750802092254161834716796875
      },
      "0.419458157167583067792548945362796075642108917236328125": {
        "slope": 1.3545702377,
        "yIntercept": 0.1618144643496969548742482392089669929191586561501026153564453125
      },
      "1.119458157167583067792548945362796075642108917236328125": {
        "slope": 0.3857142858,
        "yIntercept": 0.5682089964851215460942240009778458897926611825823783874511718750
      }
    },
    "lowestX": -0.180541842832416932207451054637203924357891082763671875
  },
  "alpha": 1162.6234377484115611878223717212677001953125,
  "beta": 0.119458157167583067792548945362796075642108917236328125,
  "setupType": "Multi Region Model Global Bidder",
  "population": 0,
  "id": 0,
  "worldId": 59,
  "implementation": "ch.uzh.ifi.ce.mweiss.specval.model.mrm.MRMGlobalBidder"
}