{
  "gammaValues": {
    "1": 0.96000,
    "2": 0.84000,
    "3": 0.64000,
    "4": 0.36000
  },
  "qualityFunction": {
    "linearFunctions": {
      "-0.11063573284608885227697783193434588611125946044921875": {
        "slope": -3.4295062441,
        "yIntercept": -0.379425936613758816852702022703880402332288213074207305908203125
      },
      "0.41063573284608885227697783193434588611125946044921875": {
        "slope": 1.4004219453,
        "yIntercept": 0.154936708212010856002369629802473127710982225835323333740234375
      },
      "1.11063573284608885227697783193434588611125946044921875": {
        "slope": 0.3857142858,
        "yIntercept": 0.571611931581311237020643791773011344048427417874336242675781250
      }
    },
    "lowestX": -0.18936426715391114772302216806565411388874053955078125
  },
  "alpha": 1246.7753545765999660943634808063507080078125,
  "beta": 0.11063573284608885227697783193434588611125946044921875,
  "setupType": "Multi Region Model Global Bidder",
  "population": 0,
  "id": 0,
  "worldId": 59,
  "implementation": "ch.uzh.ifi.ce.mweiss.specval.model.mrm.MRMGlobalBidder"
}