{
  "gammaValues": {
    "1": 0.96000,
    "2": 0.84000,
    "3": 0.64000,
    "4": 0.36000
  },
  "qualityFunction": {
    "linearFunctions": {
      "-0.1476571694343086493805827785763540305197238922119140625": {
        "slope": -57.6226048852,
        "yIntercept": -8.50839073277980229971781682918319233976944815367460250854492187500
      },
      "0.4476571694343086493805827785763540305197238922119140625": {
        "slope": 1.2262429315,
        "yIntercept": 0.18106356030411883489225148557988376296634669415652751922607421875
      },
      "1.1476571694343086493805827785763540305197238922119140625": {
        "slope": 0.3857142858,
        "yIntercept": 0.55733223460839604928740590117364206435013329610228538513183593750
      }
    },
    "lowestX": -0.1523428305656913506194172214236459694802761077880859375
  },
  "alpha": 909.214459407641470534144900739192962646484375,
  "beta": 0.1476571694343086493805827785763540305197238922119140625,
  "setupType": "Multi Region Model Global Bidder",
  "population": 0,
  "id": 1,
  "worldId": 59,
  "implementation": "ch.uzh.ifi.ce.mweiss.specval.model.mrm.MRMGlobalBidder"
}