{
  "gammaValues": {
    "1": 0.96000,
    "2": 0.84000,
    "3": 0.64000,
    "4": 0.36000
  },
  "qualityFunction": {
    "linearFunctions": {
      "-0.1415038448595069109359201320330612361431121826171875": {
        "slope": 15.8895403589,
        "yIntercept": 2.51843105383534063833022929035365677918889559805393218994140625
      },
      "0.4584961551404930890640798679669387638568878173828125": {
        "slope": 0.7666666667,
        "yIntercept": 0.37848628106367209321285566492321095211082138121128082275390625
      },
      "1.1584961551404930890640798679669387638568878173828125": {
        "slope": 0.3857142858,
        "yIntercept": 0.55315148297793870949181264329297391668660566210746765136718750
      }
    },
    "lowestX": -0.1584961551404930890640798679669387638568878173828125
  },
  "alpha": 1102.824512522403665570891462266445159912109375,
  "beta": 0.1584961551404930890640798679669387638568878173828125,
  "setupType": "Multi Region Model Global Bidder",
  "population": 0,
  "id": 1,
  "worldId": 79,
  "implementation": "ch.uzh.ifi.ce.mweiss.specval.model.mrm.MRMGlobalBidder"
}