{
  "gammaValues": {
    "1": 0.96000,
    "2": 0.84000,
    "3": 0.64000,
    "4": 0.36000
  },
  "qualityFunction": {
    "linearFunctions": {
      "-0.10736076486612151636990120096015743911266326904296875": {
        "slope": 3.1660980686,
        "yIntercept": 0.609914710293953929448352524467225066473474726080894470214843750
      },
      "0.49263923513387848363009879903984256088733673095703125": {
        "slope": 0.7666666667,
        "yIntercept": 0.352309919734271854712461637948450743351713754236698150634765625
      },
      "1.19263923513387848363009879903984256088733673095703125": {
        "slope": 0.3857142858,
        "yIntercept": 0.539982009263277793302629450344909400882897898554801940917968750
      }
    },
    "lowestX": -0.19263923513387848363009879903984256088733673095703125
  },
  "alpha": 1055.31585363701606183894909918308258056640625,
  "beta": 0.19263923513387848363009879903984256088733673095703125,
  "setupType": "Multi Region Model Global Bidder",
  "population": 0,
  "id": 0,
  "worldId": 79,
  "implementation": "ch.uzh.ifi.ce.mweiss.specval.model.mrm.MRMGlobalBidder"
}