{
  "gammaValues": {
    "1": 0.96000,
    "2": 0.84000,
    "3": 0.64000,
    "4": 0.36000
  },
  "qualityFunction": {
    "linearFunctions": {
      "-0.1156653250890714967891170772418263368308544158935546875": {
        "slope": 3.9318851963,
        "yIntercept": 0.72478277944705280286258758104533939103930606506764888763427734375
      },
      "0.4843346749109285032108829227581736631691455841064453125": {
        "slope": 0.7666666667,
        "yIntercept": 0.35867674923881032504129214244503742747838259674608707427978515625
      },
      "1.1843346749109285032108829227581736631691455841064453125": {
        "slope": 0.3857142858,
        "yIntercept": 0.54318519677855603376915128666091447939834324643015861511230468750
      }
    },
    "lowestX": -0.1843346749109285032108829227581736631691455841064453125
  },
  "alpha": 1142.327214220973246483481489121913909912109375,
  "beta": 0.1843346749109285032108829227581736631691455841064453125,
  "setupType": "Multi Region Model Global Bidder",
  "population": 0,
  "id": 0,
  "worldId": 13,
  "implementation": "ch.uzh.ifi.ce.mweiss.specval.model.mrm.MRMGlobalBidder"
}