{
  "gammaValues": {
    "1": 0.96000,
    "2": 0.84000,
    "3": 0.64000,
    "4": 0.36000
  },
  "qualityFunction": {
    "linearFunctions": {
      "-0.126854016034585248551280756146297790110111236572265625": {
        "slope": 5.8325453004,
        "yIntercept": 1.0098817950606135646990615173379524094343651086091995239257812500
      },
      "0.473145983965414751448719243853702209889888763427734375": {
        "slope": 0.7666666667,
        "yIntercept": 0.3672547456307438244238014213305376642892952077090740203857421875
      },
      "1.173145983965414751448719243853702209889888763427734375": {
        "slope": 0.3857142858,
        "yIntercept": 0.5475008347156417972441727415322532124264398589730262756347656250
      }
    },
    "lowestX": -0.173145983965414751448719243853702209889888763427734375
  },
  "alpha": 1105.838697783168981914059258997440338134765625,
  "beta": 0.173145983965414751448719243853702209889888763427734375,
  "setupType": "Multi Region Model Global Bidder",
  "population": 0,
  "id": 0,
  "worldId": 13,
  "implementation": "ch.uzh.ifi.ce.mweiss.specval.model.mrm.MRMGlobalBidder"
}