{
  "gammaValues": {
    "1": 0.96000,
    "2": 0.84000,
    "3": 0.64000,
    "4": 0.36000
  },
  "qualityFunction": {
    "linearFunctions": {
      "-0.1180201036713468931704795750192715786397457122802734375": {
        "slope": 4.2214020525,
        "yIntercept": 0.76821030787551343973063928960431923087526229210197925567626953125
      },
      "0.4819798963286531068295204249807284213602542877197265625": {
        "slope": 0.7666666667,
        "yIntercept": 0.36048207948529995488641257062045752945778076536953449249267578125
      },
      "1.1819798963286531068295204249807284213602542877197265625": {
        "slope": 0.3857142858,
        "yIntercept": 0.54409346851763552482330042692204585819126805290579795837402343750
      }
    },
    "lowestX": -0.1819798963286531068295204249807284213602542877197265625
  },
  "alpha": 1267.1770020549110995489172637462615966796875,
  "beta": 0.1819798963286531068295204249807284213602542877197265625,
  "setupType": "Multi Region Model Global Bidder",
  "population": 0,
  "id": 0,
  "worldId": 13,
  "implementation": "ch.uzh.ifi.ce.mweiss.specval.model.mrm.MRMGlobalBidder"
}