{
  "gammaValues": {
    "1": 0.96000,
    "2": 0.84000,
    "3": 0.64000,
    "4": 0.36000
  },
  "qualityFunction": {
    "linearFunctions": {
      "-0.1298953034834304798295079308445565402507781982421875": {
        "slope": -6.7148489353,
        "yIntercept": -0.87222734029381646132526054504552348589641042053699493408203125
      },
      "0.4298953034834304798295079308445565402507781982421875": {
        "slope": 1.3040590373,
        "yIntercept": 0.16939114441039368802794518042986737782484851777553558349609375
      },
      "1.1298953034834304798295079308445565402507781982421875": {
        "slope": 0.3857142858,
        "yIntercept": 0.56418324004811436033861004268885608325945213437080383300781250
      }
    },
    "lowestX": -0.1701046965165695201704920691554434597492218017578125
  },
  "alpha": 1317.4698952813414507545530796051025390625,
  "beta": 0.1298953034834304798295079308445565402507781982421875,
  "setupType": "Multi Region Model Global Bidder",
  "population": 0,
  "id": 0,
  "worldId": 47,
  "implementation": "ch.uzh.ifi.ce.mweiss.specval.model.mrm.MRMGlobalBidder"
}