{
  "gammaValues": {
    "1": 0.96000,
    "2": 0.84000,
    "3": 0.64000,
    "4": 0.36000
  },
  "qualityFunction": {
    "linearFunctions": {
      "-0.11482673240747605369893591387153719551861286163330078125": {
        "slope": -3.8381421244,
        "yIntercept": -0.440721318659659532813837633513642799698573071509599685668945312500
      },
      "0.41482673240747605369893591387153719551861286163330078125": {
        "slope": 1.3782596519,
        "yIntercept": 0.158261052236742394728681120052993236413385602645576000213623046875
      },
      "1.11482673240747605369893591387153719551861286163330078125": {
        "slope": 0.3857142858,
        "yIntercept": 0.569995403178702659366912485761069717682403279468417167663574218750
      }
    },
    "lowestX": -0.18517326759252394630106408612846280448138713836669921875
  },
  "alpha": 876.5737573372074393773800693452358245849609375,
  "beta": 0.11482673240747605369893591387153719551861286163330078125,
  "setupType": "Multi Region Model Global Bidder",
  "population": 0,
  "id": 1,
  "worldId": 47,
  "implementation": "ch.uzh.ifi.ce.mweiss.specval.model.mrm.MRMGlobalBidder"
}