{
  "gammaValues": {
    "1": 0.96000,
    "2": 0.84000,
    "3": 0.64000,
    "4": 0.36000
  },
  "qualityFunction": {
    "linearFunctions": {
      "-0.106290521274067362167414785290020518004894256591796875": {
        "slope": 3.0885749256,
        "yIntercept": 0.5982862388439621796843886247785349041805602610111236572265625000
      },
      "0.493709478725932637832585214709979481995105743408203125": {
        "slope": 0.7666666667,
        "yIntercept": 0.3514893996469946617041535807945962233134196139872074127197265625
      },
      "1.193709478725932637832585214709979481995105743408203125": {
        "slope": 0.3857142858,
        "yIntercept": 0.5395692010205365986594943339405006099696038290858268737792968750
      }
    },
    "lowestX": -0.193709478725932637832585214709979481995105743408203125
  },
  "alpha": 1061.37685529276268425746820867061614990234375,
  "beta": 0.193709478725932637832585214709979481995105743408203125,
  "setupType": "Multi Region Model Global Bidder",
  "population": 0,
  "id": 0,
  "worldId": 43,
  "implementation": "ch.uzh.ifi.ce.mweiss.specval.model.mrm.MRMGlobalBidder"
}