{
  "gammaValues": {
    "1": 0.96000,
    "2": 0.84000,
    "3": 0.64000,
    "4": 0.36000
  },
  "qualityFunction": {
    "linearFunctions": {
      "-0.144052665620456543660310444465721957385540008544921875": {
        "slope": -22.6992449700,
        "yIntercept": -3.2698867454997598722151127548229965213977266103029251098632812500
      },
      "0.444052665620456543660310444465721957385540008544921875": {
        "slope": 1.2412742433,
        "yIntercept": 0.1788088635133801212324852591972756954419310204684734344482421875
      },
      "1.144052665620456543660310444465721957385540008544921875": {
        "slope": 0.3857142858,
        "yIntercept": 0.5587225432226193903921268391066234926256584003567695617675781250
      }
    },
    "lowestX": -0.155947334379543456339689555534278042614459991455078125
  },
  "alpha": 899.3150450692728554713539779186248779296875,
  "beta": 0.144052665620456543660310444465721957385540008544921875,
  "setupType": "Multi Region Model Global Bidder",
  "population": 0,
  "id": 0,
  "worldId": 43,
  "implementation": "ch.uzh.ifi.ce.mweiss.specval.model.mrm.MRMGlobalBidder"
}