{
  "gammaValues": {
    "1": 0.96000,
    "2": 0.84000,
    "3": 0.64000,
    "4": 0.36000
  },
  "qualityFunction": {
    "linearFunctions": {
      "-0.1403220718733711847026057739640236832201480865478515625": {
        "slope": 13.9492666441,
        "yIntercept": 2.22738999661578053420984109889158020223476341925561428070068359375
      },
      "0.4596779281266288152973942260359763167798519134521484375": {
        "slope": 0.7666666667,
        "yIntercept": 0.37758025510759531066777679952917168293424765579402446746826171875
      },
      "1.1596779281266288152973942260359763167798519134521484375": {
        "slope": 0.3857142858,
        "yIntercept": 0.55269565625461363454586547150348962986754486337304115295410156250
      }
    },
    "lowestX": -0.1596779281266288152973942260359763167798519134521484375
  },
  "alpha": 1006.191583835621031539631076157093048095703125,
  "beta": 0.1596779281266288152973942260359763167798519134521484375,
  "setupType": "Multi Region Model Global Bidder",
  "population": 0,
  "id": 1,
  "worldId": 43,
  "implementation": "ch.uzh.ifi.ce.mweiss.specval.model.mrm.MRMGlobalBidder"
}