{
  "gammaValues": {
    "1": 0.96000,
    "2": 0.84000,
    "3": 0.64000,
    "4": 0.36000
  },
  "qualityFunction": {
    "linearFunctions": {
      "-0.1468619716532284069643310431274585425853729248046875": {
        "slope": 43.0206438827,
        "yIntercept": 6.58809658240527852822408563238099077352671884000301361083984375
      },
      "0.4531380283467715930356689568725414574146270751953125": {
        "slope": 0.7666666667,
        "yIntercept": 0.38259417827237051106109474662986258408636786043643951416015625
      },
      "1.1531380283467715930356689568725414574146270751953125": {
        "slope": 0.3857142858,
        "yIntercept": 0.55521818902740484025651869437467667012242600321769714355468750
      }
    },
    "lowestX": -0.1531380283467715930356689568725414574146270751953125
  },
  "alpha": 1390.355218443423609642195515334606170654296875,
  "beta": 0.1531380283467715930356689568725414574146270751953125,
  "setupType": "Multi Region Model Global Bidder",
  "population": 0,
  "id": 0,
  "worldId": 71,
  "implementation": "ch.uzh.ifi.ce.mweiss.specval.model.mrm.MRMGlobalBidder"
}