{
  "gammaValues": {
    "1": 0.96000,
    "2": 0.84000,
    "3": 0.64000,
    "4": 0.36000
  },
  "qualityFunction": {
    "linearFunctions": {
      "-0.141303940808111760940590784230153076350688934326171875": {
        "slope": -15.5242733542,
        "yIntercept": -2.1936410031291765744143461591697530366218416020274162292480468750
      },
      "0.441303940808111760940590784230153076350688934326171875": {
        "slope": 1.2529868254,
        "yIntercept": 0.1770519762096654659093545647330358860926935449242591857910156250
      },
      "1.141303940808111760940590784230153076350688934326171875": {
        "slope": 0.3857142858,
        "yIntercept": 0.5597827656504736972822196894306046033307211473584175109863281250
      }
    },
    "lowestX": -0.158696059191888239059409215769846923649311065673828125
  },
  "alpha": 970.7537866258677468067617155611515045166015625,
  "beta": 0.141303940808111760940590784230153076350688934326171875,
  "setupType": "Multi Region Model Global Bidder",
  "population": 0,
  "id": 1,
  "worldId": 71,
  "implementation": "ch.uzh.ifi.ce.mweiss.specval.model.mrm.MRMGlobalBidder"
}