{
  "gammaValues": {
    "1": 0.96000,
    "2": 0.84000,
    "3": 0.64000,
    "4": 0.36000
  },
  "qualityFunction": {
    "linearFunctions": {
      "-0.1441349134305389523280638286450994201004505157470703125": {
        "slope": 23.0175630660,
        "yIntercept": 3.58763445990011925441922330248800676599785219877958297729492187500
      },
      "0.4558650865694610476719361713549005798995494842529296875": {
        "slope": 0.7666666667,
        "yIntercept": 0.38050343363488436056586690037217834969851537607610225677490234375
      },
      "1.1558650865694610476719361713549005798995494842529296875": {
        "slope": 0.3857142858,
        "yIntercept": 0.55416632371270515990629938696265810449403943493962287902832031250
      }
    },
    "lowestX": -0.1558650865694610476719361713549005798995494842529296875
  },
  "alpha": 832.20667977054881703224964439868927001953125,
  "beta": 0.1558650865694610476719361713549005798995494842529296875,
  "setupType": "Multi Region Model Global Bidder",
  "population": 0,
  "id": 0,
  "worldId": 11,
  "implementation": "ch.uzh.ifi.ce.mweiss.specval.model.mrm.MRMGlobalBidder"
}