{
  "gammaValues": {
    "1": 0.96000,
    "2": 0.84000,
    "3": 0.64000,
    "4": 0.36000
  },
  "qualityFunction": {
    "linearFunctions": {
      "-0.10067261216913598875777324792579747736454010009765625": {
        "slope": 2.7368163193,
        "yIntercept": 0.545522447898948854186784840347712588481954298913478851318359375
      },
      "0.49932738783086401124222675207420252263545989990234375": {
        "slope": 0.7666666667,
        "yIntercept": 0.347182335999693345119930689701703840910340659320354461669921875
      },
      "1.19932738783086401124222675207420252263545989990234375": {
        "slope": 0.3857142858,
        "yIntercept": 0.537402293222438676706781337522045305377105250954627990722656250
      }
    },
    "lowestX": -0.19932738783086401124222675207420252263545989990234375
  },
  "alpha": 919.55955066080559845431707799434661865234375,
  "beta": 0.19932738783086401124222675207420252263545989990234375,
  "setupType": "Multi Region Model Global Bidder",
  "population": 0,
  "id": 0,
  "worldId": 11,
  "implementation": "ch.uzh.ifi.ce.mweiss.specval.model.mrm.MRMGlobalBidder"
}