{
  "gammaValues": {
    "1": 0.96000,
    "2": 0.84000,
    "3": 0.64000,
    "4": 0.36000
  },
  "qualityFunction": {
    "linearFunctions": {
      "-0.11724019491476000975893612121581099927425384521484375": {
        "slope": -4.1209036393,
        "yIntercept": -0.483135545893524122498296622385538512389757670462131500244140625
      },
      "0.41724019491476000975893612121581099927425384521484375": {
        "slope": 1.3658125049,
        "yIntercept": 0.160128124291492610911200988876856854403740726411342620849609375
      },
      "1.11724019491476000975893612121581099927425384521484375": {
        "slope": 0.3857142858,
        "yIntercept": 0.569064496211400550957430923837421232747146859765052795410156250
      }
    },
    "lowestX": -0.18275980508523999024106387878418900072574615478515625
  },
  "alpha": 1189.825579894846669049002230167388916015625,
  "beta": 0.11724019491476000975893612121581099927425384521484375,
  "setupType": "Multi Region Model Global Bidder",
  "population": 0,
  "id": 1,
  "worldId": 57,
  "implementation": "ch.uzh.ifi.ce.mweiss.specval.model.mrm.MRMGlobalBidder"
}