{
  "gammaValues": {
    "1": 0.96000,
    "2": 0.84000,
    "3": 0.64000,
    "4": 0.36000
  },
  "qualityFunction": {
    "linearFunctions": {
      "-0.142941944725294878271171228334424085915088653564453125": {
        "slope": 19.1270817167,
        "yIntercept": 3.0040622575052703298033286938295560730693978257477283477783203125
      },
      "0.457058055274705121728828771665575914084911346435546875": {
        "slope": 0.7666666667,
        "yIntercept": 0.3795888242941574714987411043320975068127154372632503509521484375
      },
      "1.157058055274705121728828771665575914084911346435546875": {
        "slope": 0.3857142858,
        "yIntercept": 0.5537061786405801911667627490665211098530562594532966613769531250
      }
    },
    "lowestX": -0.157058055274705121728828771665575914084911346435546875
  },
  "alpha": 935.56782740062726588803343474864959716796875,
  "beta": 0.157058055274705121728828771665575914084911346435546875,
  "setupType": "Multi Region Model Global Bidder",
  "population": 0,
  "id": 0,
  "worldId": 57,
  "implementation": "ch.uzh.ifi.ce.mweiss.specval.model.mrm.MRMGlobalBidder"
}