{
  "gammaValues": {
    "1": 0.96000,
    "2": 0.84000,
    "3": 0.64000,
    "4": 0.36000
  },
  "qualityFunction": {
    "linearFunctions": {
      "-0.1425258189852777856998500283225439488887786865234375": {
        "slope": 18.0621796200,
        "yIntercept": 2.84432694300030649909344138137612389982677996158599853515625000
      },
      "0.4574741810147222143001499716774560511112213134765625": {
        "slope": 0.7666666667,
        "yIntercept": 0.37926979456013049633606094790394536175881512463092803955078125
      },
      "1.1574741810147222143001499716774560511112213134765625": {
        "slope": 0.3857142858,
        "yIntercept": 0.55354567299796650182582310684153981128474697470664978027343750
      }
    },
    "lowestX": -0.1574741810147222143001499716774560511112213134765625
  },
  "alpha": 836.9384795959034590850933454930782318115234375,
  "beta": 0.1574741810147222143001499716774560511112213134765625,
  "setupType": "Multi Region Model Global Bidder",
  "population": 0,
  "id": 0,
  "worldId": 61,
  "implementation": "ch.uzh.ifi.ce.mweiss.specval.model.mrm.MRMGlobalBidder"
}