{
  "gammaValues": {
    "1": 0.96000,
    "2": 0.84000,
    "3": 0.64000,
    "4": 0.36000
  },
  "qualityFunction": {
    "linearFunctions": {
      "-0.11776689134103517087037715782571467570960521697998046875": {
        "slope": -4.1882401548,
        "yIntercept": -0.493236023219508076361607121773644735185371246188879013061523437500
      },
      "0.41776689134103517087037715782571467570960521697998046875": {
        "slope": 1.3631259570,
        "yIntercept": 0.160531106462163580663341386212117356535600265488028526306152343750
      },
      "1.11776689134103517087037715782571467570960521697998046875": {
        "slope": 0.3857142858,
        "yIntercept": 0.568861341875506414835051510192620582984091015532612800598144531250
      }
    },
    "lowestX": -0.18223310865896482912962284217428532429039478302001953125
  },
  "alpha": 908.894990697653838651604019105434417724609375,
  "beta": 0.11776689134103517087037715782571467570960521697998046875,
  "setupType": "Multi Region Model Global Bidder",
  "population": 0,
  "id": 0,
  "worldId": 61,
  "implementation": "ch.uzh.ifi.ce.mweiss.specval.model.mrm.MRMGlobalBidder"
}