{
  "gammaValues": {
    "1": 0.96000,
    "2": 0.84000,
    "3": 0.64000,
    "4": 0.36000
  },
  "qualityFunction": {
    "linearFunctions": {
      "-0.10163131658790354183707904667244292795658111572265625": {
        "slope": 2.7910621187,
        "yIntercept": 0.553659317807895485728968065775035256592673249542713165283203125
      },
      "0.49836868341209645816292095332755707204341888427734375": {
        "slope": 0.7666666667,
        "yIntercept": 0.347917342720780425961357387176775546322460286319255828857421875
      },
      "1.19836868341209645816292095332755707204341888427734375": {
        "slope": 0.3857142858,
        "yIntercept": 0.537772079212616907558979364445406190498033538460731506347656250
      }
    },
    "lowestX": -0.19836868341209645816292095332755707204341888427734375
  },
  "alpha": 1109.4460934223834556178189814090728759765625,
  "beta": 0.19836868341209645816292095332755707204341888427734375,
  "setupType": "Multi Region Model Global Bidder",
  "population": 0,
  "id": 1,
  "worldId": 61,
  "implementation": "ch.uzh.ifi.ce.mweiss.specval.model.mrm.MRMGlobalBidder"
}