{
  "gammaValues": {
    "1": 0.96000,
    "2": 0.84000,
    "3": 0.64000,
    "4": 0.36000
  },
  "qualityFunction": {
    "linearFunctions": {
      "-0.1075536356971220908196329446582240052521228790283203125": {
        "slope": -3.1804844117,
        "yIntercept": -0.34207266175364252759644574319874976708888425491750240325927734375
      },
      "0.4075536356971220908196329446582240052521228790283203125": {
        "slope": 1.4171805380,
        "yIntercept": 0.15242291930110348971945227747326612188771832734346389770507812500
      },
      "1.1075536356971220908196329446582240052521228790283203125": {
        "slope": 0.3857142858,
        "yIntercept": 0.57280074048189116762410254213300220271776197478175163269042968750
      }
    },
    "lowestX": -0.1924463643028779091803670553417759947478771209716796875
  },
  "alpha": 849.688241595306180897750891745090484619140625,
  "beta": 0.1075536356971220908196329446582240052521228790283203125,
  "setupType": "Multi Region Model Global Bidder",
  "population": 0,
  "id": 0,
  "worldId": 9,
  "implementation": "ch.uzh.ifi.ce.mweiss.specval.model.mrm.MRMGlobalBidder"
}