{
  "gammaValues": {
    "1": 0.96000,
    "2": 0.84000,
    "3": 0.64000,
    "4": 0.36000
  },
  "qualityFunction": {
    "linearFunctions": {
      "-0.14231502857330031730498376418836414813995361328125": {
        "slope": 17.5667536683,
        "yIntercept": 2.770013050245757335545122490572111928486265242099761962890625
      },
      "0.45768497142669968269501623581163585186004638671875": {
        "slope": 0.7666666667,
        "yIntercept": 0.379108188577607410886264229787911972380243241786956787109375
      },
      "1.15768497142669968269501623581163585186004638671875": {
        "slope": 0.3857142858,
        "yIntercept": 0.553464368124757124838205193384510494070127606391906738281250
      }
    },
    "lowestX": -0.15768497142669968269501623581163585186004638671875
  },
  "alpha": 1025.960753603368402764317579567432403564453125,
  "beta": 0.15768497142669968269501623581163585186004638671875,
  "setupType": "Multi Region Model Global Bidder",
  "population": 0,
  "id": 0,
  "worldId": 9,
  "implementation": "ch.uzh.ifi.ce.mweiss.specval.model.mrm.MRMGlobalBidder"
}