{
  "gammaValues": {
    "1": 0.96000,
    "2": 0.84000,
    "3": 0.64000,
    "4": 0.36000
  },
  "qualityFunction": {
    "linearFunctions": {
      "-0.12081528659291544680609575834751012735068798065185546875": {
        "slope": -4.6257092922,
        "yIntercept": -0.558856393827344939020128039008916687180317239835858345031738281250
      },
      "0.42081528659291544680609575834751012735068798065185546875": {
        "slope": 1.3477821160,
        "yIntercept": 0.162832682609346011505405182884231862772139720618724822998046875000
      },
      "1.12081528659291544680609575834751012735068798065185546875": {
        "slope": 0.3857142858,
        "yIntercept": 0.567685532278091303095398883482580743020662339404225349426269531250
      }
    },
    "lowestX": -0.17918471340708455319390424165248987264931201934814453125
  },
  "alpha": 1212.33009712391094581107608973979949951171875,
  "beta": 0.12081528659291544680609575834751012735068798065185546875,
  "setupType": "Multi Region Model Global Bidder",
  "population": 0,
  "id": 0,
  "worldId": 9,
  "implementation": "ch.uzh.ifi.ce.mweiss.specval.model.mrm.MRMGlobalBidder"
}